铁血茶城	http://www.2426.net/guochan/txcc/	2426电影网(双视影院)
《铁血茶城》5分钟片花 万思维演绎另类英雄经历“九死一生”	http://m.iqiyi.com/v_19rs9a17ck.html	爱奇艺
铁血茶城  第02集	http://m.iqiyi.com/v_19rs9cb04g.html	爱奇艺
铁血茶城 - 第04集(预告)	http://m.iqiyi.com/v_19rslgb03g.html	爱奇艺
铁血茶城 第01集	http://m.iqiyi.com/v_19rslgbukg.html	爱奇艺
2019最新战争电视连续剧《铁血茶城》预告片。潘长江爆笑客串	http://m.iqiyi.com/v_19rslowjl4.html	爱奇艺
《铁血茶城》5分钟片花 万思维演绎另类英雄经历“九死一生”	http://www.iqiyi.com/v_19rs9a17ck.html	爱奇艺
铁血茶城  第02集	http://www.iqiyi.com/v_19rs9cb04g.html	爱奇艺
铁血茶城  第04集(预告)	http://www.iqiyi.com/v_19rslgb03g.html	爱奇艺
铁血茶城 第01集	http://www.iqiyi.com/v_19rslgbukg.html	爱奇艺
《铁血茶城》5分钟片花 万思维演绎另类英雄经历“九死一生”	http://www.iqiyi.com/v_19rslgvv5w.html	爱奇艺
2019最新战争电视连续剧《铁血茶城》预告片.潘长江爆笑客串	http://www.iqiyi.com/v_19rslowjl4.html	爱奇艺
《铁血茶城》5分钟片花 万思维演绎另类英雄经历“九死一生”	https://m.iqiyi.com/v_19rslgvv5w.html	爱奇艺
铁血茶城 - 第04集(预告)	https://www.iqiyi.com/v_19rslgb03g.html	爱奇艺
《铁血茶城》5分钟片花 万思维演绎另类英雄经历“九死一生”	https://www.iqiyi.com/v_19rslgvv5w.html	爱奇艺
《铁血茶城》狡猾的陈癜子遇到女匪秒怂溜之大吉	http://baidu.pptv.com/watch/01157265100890976369.html?page=videoMultiNeed	百度视频
《铁血茶城》公审大会盘桂英劫囚特务中途搅局	http://baidu.pptv.com/watch/05380940363692764641.html?page=videoMultiNeed	百度视频
《铁血茶城》国民党的残兵败将陈斯民投降暗怀鬼胎	http://baidu.pptv.com/watch/07394294468187548435.html?page=videoMultiNeed	百度视频
《铁血茶城》八路军严阵以待收复国民党投降官兵	http://baidu.pptv.com/watch/3030189644787621579.html?page=videoMultiNeed	百度视频
《铁血茶城》陈癜子借刀杀人攻克铜锣寨	http://baidu.pptv.com/watch/6473361645225843384.html?page=videoMultiNeed	百度视频
电视剧《铁血茶城》今晚起在我台卫视频道播出	http://item.btime.com/44cgk5afm3o9o899a74fh4dk3ud	北京时间
"《铁血茶城》诚意之作,磨剑而来,年代传奇战争大剧来袭!"	http://www.bilibili.com/av54346695	哔哩哔哩
《铁血茶城》诚意之作，磨剑而来，年代传奇战争大剧来袭！	http://www.bilibili.com/video/av54346695/	哔哩哔哩
铁血茶城	https://www.tvmao.com/drama/NGcuKxw=	电视猫
电视剧《铁血茶城》6月3日晚起登陆江西卫视黄金档	http://v.jxntv.cn/2019/0603/9177522.shtml	赣云视频
电视剧《铁血茶城》2019年6月3日晚起在江西卫视频道播出	http://v.jxntv.cn/2019/0603/9177921.shtml	赣云视频
电视剧《铁血茶城》今晚起在我台卫视频道播出	http://v.jxntv.cn/2019/0603/9177935.shtml	赣云视频
铁血茶城:有人假借帅哥的手下毒?美女:连副县长都有可能?	https://baijiahao.baidu.com/s?id=1635843252560800797&wfr=content	好看视频
"铁血茶城:美女质问帅哥?帅哥如果真是特务,他会这么傻?"	https://baijiahao.baidu.com/s?id=1635843342721213819&wfr=content	好看视频
"铁血茶城:官兵遇到匪徒?美女和帅哥聊天,却不知山上有埋伏"	https://baijiahao.baidu.com/s?id=1635843559533679356&wfr=content	好看视频
"铁血茶城:土匪VS黑衣蒙面人,土匪却被打到撤退,黑衣人真强!"	https://baijiahao.baidu.com/s?id=1635844606541118701&wfr=content	好看视频
铁血茶城:沐剑晨的身份不能被证明?剑晨却依旧相信党和政府!	https://baijiahao.baidu.com/s?id=1635952322578137492&wfr=content	好看视频
"铁血茶城:老爷:终于下手了,老爷倒要看看工作队怎么办,霸气啊"	https://baijiahao.baidu.com/s?id=1635952857902009837&wfr=content	好看视频
《铁血茶城》孤胆英雄顽强战斗，演绎广西剿匪传奇	http://tv.miguvideo.com/?channelId=200300270000011&timepstamp=1508030298352&userId=&clientId=05ci6183355868774025477515&rate=1#/video/mv/657402918	咪咕直播App
电视剧《铁血茶城》今晚起在我台卫视频道播出	http://tv.miguvideo.com/?channelId=200300270000011&timepstamp=1508030298352&userId=&clientId=05ci6183355868774025477515&rate=1#/video/mv/657423243	咪咕直播App
《铁血茶城》第02集预告	http://tv.miguvideo.com/?channelId=200300270000011&timepstamp=1508030298352&userId=&clientId=05ci6183355868774025477515&rate=1#/video/mv/657432696	咪咕直播App
《铁血茶城》第01集预告	http://tv.miguvideo.com/?channelId=200300270000011&timepstamp=1508030298352&userId=&clientId=05ci6183355868774025477515&rate=1#/video/mv/657432725	咪咕直播App
《铁血茶城》第01集	http://tv.miguvideo.com/?channelId=200300270000011&timepstamp=1508030298352&userId=&clientId=05ci6183355868774025477515&rate=1#/video/mv/657432731	咪咕直播App
《铁血茶城》第02集	http://tv.miguvideo.com/?channelId=200300270000011&timepstamp=1508030298352&userId=&clientId=05ci6183355868774025477515&rate=1#/video/mv/657432736	咪咕直播App
《铁血茶城》第04集预告	http://tv.miguvideo.com/?channelId=200300270000011&timepstamp=1508030298352&userId=&clientId=05ci6183355868774025477515&rate=1#/video/mv/657432802	咪咕直播App
《铁血茶城》第03集预告	http://tv.miguvideo.com/?channelId=200300270000011&timepstamp=1508030298352&userId=&clientId=05ci6183355868774025477515&rate=1#/video/mv/657432826	咪咕直播App
《铁血茶城》第03集	http://tv.miguvideo.com/?channelId=200300270000011&timepstamp=1508030298352&userId=&clientId=05ci6183355868774025477515&rate=1#/video/mv/657440443	咪咕直播App
《铁血茶城》第04集	http://tv.miguvideo.com/?channelId=200300270000011&timepstamp=1508030298352&userId=&clientId=05ci6183355868774025477515&rate=1#/video/mv/657441005	咪咕直播App
《铁血茶城》第06集预告	http://tv.miguvideo.com/?channelId=200300270000011&timepstamp=1508030298352&userId=&clientId=05ci6183355868774025477515&rate=1#/video/mv/657477271	咪咕直播App
《铁血茶城》第05集预告	http://tv.miguvideo.com/?channelId=200300270000011&timepstamp=1508030298352&userId=&clientId=05ci6183355868774025477515&rate=1#/video/mv/657477310	咪咕直播App
《铁血茶城》第05集	http://tv.miguvideo.com/?channelId=200300270000011&timepstamp=1508030298352&userId=&clientId=05ci6183355868774025477515&rate=1#/video/mv/657505276	咪咕直播App
《铁血茶城》第06集	http://tv.miguvideo.com/?channelId=200300270000011&timepstamp=1508030298352&userId=&clientId=05ci6183355868774025477515&rate=1#/video/mv/657505680	咪咕直播App
《铁血茶城》第07集预告	http://tv.miguvideo.com/?channelId=200300270000011&timepstamp=1508030298352&userId=&clientId=05ci6183355868774025477515&rate=1#/video/mv/657532521	咪咕直播App
《铁血茶城》第08集预告	http://tv.miguvideo.com/?channelId=200300270000011&timepstamp=1508030298352&userId=&clientId=05ci6183355868774025477515&rate=1#/video/mv/657532567	咪咕直播App
《铁血茶城》第07集	http://tv.miguvideo.com/?channelId=200300270000011&timepstamp=1508030298352&userId=&clientId=05ci6183355868774025477515&rate=1#/video/mv/657548458	咪咕直播App
《铁血茶城》第08集	http://tv.miguvideo.com/?channelId=200300270000011&timepstamp=1508030298352&userId=&clientId=05ci6183355868774025477515&rate=1#/video/mv/657548719	咪咕直播App
《铁血茶城》第09集预告	http://tv.miguvideo.com/?channelId=200300270000011&timepstamp=1508030298352&userId=&clientId=05ci6183355868774025477515&rate=1#/video/mv/657576528	咪咕直播App
《铁血茶城》第10集预告	http://tv.miguvideo.com/?channelId=200300270000011&timepstamp=1508030298352&userId=&clientId=05ci6183355868774025477515&rate=1#/video/mv/657577054	咪咕直播App
《铁血茶城》第11集预告	http://tv.miguvideo.com/?channelId=200300270000011&timepstamp=1508030298352&userId=&clientId=05ci6183355868774025477515&rate=1#/video/mv/657594991	咪咕直播App
《铁血茶城》第09集	http://tv.miguvideo.com/?channelId=200300270000011&timepstamp=1508030298352&userId=&clientId=05ci6183355868774025477515&rate=1#/video/mv/657602657	咪咕直播App
《铁血茶城》第11集	http://tv.miguvideo.com/?channelId=200300270000011&timepstamp=1508030298352&userId=&clientId=05ci6183355868774025477515&rate=1#/video/mv/657602856	咪咕直播App
《铁血茶城》第12集预告	http://tv.miguvideo.com/?channelId=200300270000011&timepstamp=1508030298352&userId=&clientId=05ci6183355868774025477515&rate=1#/video/mv/657602863	咪咕直播App
《铁血茶城》第12集	http://tv.miguvideo.com/?channelId=200300270000011&timepstamp=1508030298352&userId=&clientId=05ci6183355868774025477515&rate=1#/video/mv/657602980	咪咕直播App
《铁血茶城》第13集预告	http://tv.miguvideo.com/?channelId=200300270000011&timepstamp=1508030298352&userId=&clientId=05ci6183355868774025477515&rate=1#/video/mv/657602984	咪咕直播App
《铁血茶城》第13集	http://tv.miguvideo.com/?channelId=200300270000011&timepstamp=1508030298352&userId=&clientId=05ci6183355868774025477515&rate=1#/video/mv/657603009	咪咕直播App
《铁血茶城》第14集	http://tv.miguvideo.com/?channelId=200300270000011&timepstamp=1508030298352&userId=&clientId=05ci6183355868774025477515&rate=1#/video/mv/657603014	咪咕直播App
《铁血茶城》第14集预告	http://tv.miguvideo.com/?channelId=200300270000011&timepstamp=1508030298352&userId=&clientId=05ci6183355868774025477515&rate=1#/video/mv/657603021	咪咕直播App
《铁血茶城》第15集预告	http://tv.miguvideo.com/?channelId=200300270000011&timepstamp=1508030298352&userId=&clientId=05ci6183355868774025477515&rate=1#/video/mv/657603034	咪咕直播App
《铁血茶城》第16集预告	http://tv.miguvideo.com/?channelId=200300270000011&timepstamp=1508030298352&userId=&clientId=05ci6183355868774025477515&rate=1#/video/mv/657603198	咪咕直播App
《铁血茶城》第10集	http://tv.miguvideo.com/?channelId=200300270000011&timepstamp=1508030298352&userId=&clientId=05ci6183355868774025477515&rate=1#/video/mv/657603279	咪咕直播App
铁血茶城	http://www.qire.in/guocanju/txcc/	奇热网
铁血茶城	http://www.77kp.com/daluju/94738/	琪琪看片
《铁血茶城》诚意之作，磨剑而来，年代传奇战争大剧来袭！	http://m.tv.sohu.com/v135655124.shtml	搜狐视频App
铁血茶城：勇猛小伙大展身手一掌拍死一个人，这啥功夫也太厉害了	http://m.tv.sohu.com/v136704322.shtml	搜狐视频App
铁血茶城：小伙上山巡查，不料山中空投落下挂在树上，这下乐坏了	http://m.tv.sohu.com/v136706004.shtml	搜狐视频App
铁血茶城：青年医生给小伙治病，一会扎针筒一会插笔盖，真是奇了	http://m.tv.sohu.com/v136706509.shtml	搜狐视频App
铁血茶城：土匪团伙聚众赌博，居然玩的这么刺激，真是厉害了	http://m.tv.sohu.com/v136808193.shtml	搜狐视频App
"《铁血茶城》诚意之作,磨剑而来,年代传奇战争大剧来袭!"	http://my.tv.sohu.com/us/317031987/135655124.shtml	搜狐视频App
江西卫视6月3日《铁血茶城》	https://m.v.qq.com/page/u/0/6/u087832nsb6.html	腾讯视频
铁血茶城电视剧全集大结局很幸福	https://m.v.qq.com/page/x/0/3/x0882dk6233.html	腾讯视频
"《铁血茶城》诚意之作,磨剑而来,年代传奇战争大剧来袭!"	https://v.qq.com/x/page/k08798h8euh.html	腾讯视频
江西卫视6月3日《铁血茶城》	https://v.qq.com/x/page/u087832nsb6.html	腾讯视频
铁血茶城电视剧全集大结局很幸福	https://v.qq.com/x/page/x0882dk6233.html	腾讯视频
铁血茶城	http://www.163ren.com/show/84727.html	天天影院
铁血茶城电视剧全集大结局很开心	http://video.tudou.com/v/XNDIxNzA1MjcyOA==.html	土豆视频
铁血茶城电视剧全集大结局	http://video.tudou.com/v/XNDIxODM2NzM2MA==.html	土豆视频
铁血茶城电视剧全集大结局很幸福	http://video.tudou.com/v/XNDIxODM2OTI1Mg==.html	土豆视频
铁血茶城电视剧全集大结局很开心	http://video.tudou.com/v/XNDIxOTQ2NTU4NA==.html	土豆视频
铁血茶城电视剧全集大结局	https://video.tudou.com/v/XNDIxODM2NzM2MA==.html	土豆视频
"铁血茶城:土匪团伙聚众赌博,居然玩的这么刺激,真是厉害了"	http://www.ixigua.com/i6699340455559037453/	西瓜视频
"铁血茶城:勇猛小伙大展身手一掌拍死一个人,这啥功夫也太厉害了"	http://www.ixigua.com/i6699347984888365582/	西瓜视频
"铁血茶城:美女说她当年在玉米地里被人欺负了,感觉好可怜"	http://www.ixigua.com/i6700408505234358791/	西瓜视频
"铁血茶城:书记要派人继续抓捕男子,美女听到这立马不吱声了"	http://www.ixigua.com/i6700475237345018381/	西瓜视频
"铁血茶城:美女被土匪下迷药,居然被土匪拿来点天灯,这下惨了"	http://www.ixigua.com/i6700790663304184327/	西瓜视频
"铁血茶城:美女为逃跑吵着要上厕所,不料被俩大汉跟着,这下惨了"	http://www.ixigua.com/i6700790663606174215/	西瓜视频
"铁血茶城:父女断绝关系多年,得知父亲已改过自新,结局感人"	http://www.ixigua.com/i6700907307435295245/	西瓜视频
"铁血茶城:土匪抢粮屠城,却留下老干部单挑,伸出脖子太嚣张"	http://www.ixigua.com/i6700907307502404103/	西瓜视频
"铁血茶城:抗战时期,沐剑晨却穿了一件皮夹克,陶大雷不干了"	http://www.ixigua.com/i6700907307611472392/	西瓜视频
"#铁血茶城# #杨诚诚# 好纠结的姑娘呀,你到底是好人还是坏人呢,沐医生嗯我选择相信你"	http://video.weibo.com/show?fid=1034:4379630657019440	新浪微博
#许瑶璇[超话]# #电视剧铁血茶城# 这才第四集黄韵寒@许瑶璇 就揭开了真实身份・・・・	http://video.weibo.com/show?fid=1034:4379846101373469	新浪微博
周奕彤 | 铁血茶城 “女一号” 大义“灭”亲♀?带头征粮 一心革命 热血	http://video.weibo.com/show?fid=1034:4379897028880196	新浪微博
"#李蓓蕾# #铁血茶城# 好不容易抓到龙芷文,结果还被人截胡了,简直是恼火"	http://weibo.com/tv/v/HxHcYiYYc?fid=1034:4380308615973254	新浪微博
#铁血茶城# #李蓓蕾# 女匪首盘桂英	http://weibo.com/tv/v/Hxlj5lz5H?fid=1034:4379466856902470	新浪微博
周奕彤  #铁血茶城周奕彤# 以下请欣赏龙芷文大型“六亲不认抄家”现场跟昭贵同志bat	http://weibo.com/tv/v/HxmRCuRHm?fid=1034:4379526818657604	新浪微博
"#铁血茶城# #李蓓蕾# 被逼去到银颠山,是福是祸?"	http://weibo.com/tv/v/HxOrOxS1o?fid=1034:4380586975110078	新浪微博
"李蓓蕾 #李蓓蕾# #铁血茶城# 一上山就各种埋伏,还要我盘机智,化解"	http://weibo.com/tv/v/HxOxZtNZ9?fid=1034:4380590766789908	新浪微博
#许瑶璇[超话]# #电视剧铁血茶城# 这才第四集黄韵寒@许瑶璇 就揭开了真实身份・・・・	http://weibo.com/tv/v/Hxvbwme7X?fid=1034:4379846101373469	新浪微博
"周奕彤  #铁血茶城周奕彤# 看着沐医生被押送到军分区的落寞背影,束手无策的小龙此刻心"	http://weibo.com/tv/v/HxXfOoOjA?fid=1034:4380925853911016	新浪微博
周奕彤#铁血茶城周奕彤##周奕彤龙芷文# 这段看的鼻子酸酸的	http://weibo.com/tv/v/HxxVJyVCi?fid=1034:4379952397648079	新浪微博
"#铁血茶城# #杨诚诚# 好纠结的姑娘呀,你到底是好人还是坏人呢,沐医生嗯我选择相信你"	https://weibo.com/tv/v/HxpzsyPOA	新浪微博
#许瑶璇[超话]# #电视剧铁血茶城# 这才第四集黄韵寒@许瑶璇 就揭开了真实身份・・・・	https://weibo.com/tv/v/Hxvbwme7X	新浪微博
铁血茶城电视剧全集大结局很幸福	http://v.youku.com/v_show/id_XNDIxODM2OTI1Mg==.html	优酷视频
铁血茶城全集第13集沐剑晨身份曝光	http://v.youku.com/v_show/id_XNDIyMTM2MzI2NA==.html	优酷视频
铁血茶城电视剧全集大结局很开心	https://v.youku.com/v_show/id_XNDIxNzA1MjcyOA==	优酷视频
铁血茶城电视剧全集大结局	https://v.youku.com/v_show/id_XNDIxODM2NzM2MA==.html	优酷视频
铁血茶城电视剧全集大结局很幸福	https://v.youku.com/v_show/id_XNDIxODM2OTI1Mg==.html	优酷视频
"铁血茶城:三个小伙上山巡查,不料山中空投落下挂在树上,这下乐坏了"	https://v.youku.com/v_show/id_XNDIxODM2OTY0MA==.html	优酷视频
"铁血茶城:勇猛小伙大展身手一掌拍死一个人,这啥功夫也太厉害了"	https://v.youku.com/v_show/id_XNDIxODM3MTYyNA==.html	优酷视频
铁血茶城电视剧全集大结局收官	https://v.youku.com/v_show/id_XNDIxOTQ2NjYzNg==.html	优酷视频
铁血茶城  第02集	http://www.iqiyi.com/w_19s96rgbtp.html	爱奇艺
铁血茶城  第02集	http://m.iqiyi.com/w_19s96rgbtp.html	爱奇艺
铁血茶城电视剧被敌人包围了怎么办	http://www.iqiyi.com/v_19rsahoqe0.html	爱奇艺
铁血茶城电视剧被敌人包围了怎么办	http://m.iqiyi.com/v_19rsahoqe0.html	爱奇艺
铁血茶城电视剧遇到新的危险怎么办	http://www.iqiyi.com/v_19rs9x42hc.html	爱奇艺
铁血茶城电视剧遇到新的危险怎么办	http://m.iqiyi.com/v_19rs9x42hc.html	爱奇艺
铁血茶城/打土匪	http://www.qire.in/guocanju/txccdtf/	奇热网
"铁血茶城:军座书写着书法,得到手下的消息,这书法可以的!"	http://sa.sogou.com/sgsearch/sgs_video.php?docid=sf_322696071907213312	搜狗搜索
"铁血茶城:美女为逃跑吵着要上厕所,不料被俩大汉跟着,这下惨了"	http://sa.sogou.com/sgsearch/sgs_video.php?docid=sf_322963674248609792	搜狗搜索
"铁血茶城:小伙上山巡查,不料山中空投落下挂在树上,这下乐坏了"	http://sa.sogou.com/sgsearch/sgs_video.php?docid=sf_321475312710942720	搜狗搜索
"铁血茶城:小伙为报杀父之仇,拿热碳自毁容貌和声音,太狠了"	http://sa.sogou.com/sgsearch/sgs_video.php?docid=sf_323868400003678208	搜狗搜索
"铁血茶城:这帮土匪太能玩,竟然用这招赌输赢,太刺激了"	http://sa.sogou.com/sgsearch/sgs_video.php?docid=sf_323376099401760768	搜狗搜索
"铁血茶城电视剧全集大结局,结局圆满很幸福"	http://sa.sogou.com/sgsearch/sgs_video.php?docid=c18639302c3ffa2bec4e5cdc809fa41a	搜狗搜索
铁血茶城：敌方火力太猛，陶排长放弃粮食，为了手下的生命着想！	http://m.tv.sohu.com/v137297361.shtml	搜狐视频App
铁血茶城：军座书写着书法，得到手下的消息，这书法可以的！	http://m.tv.sohu.com/v137297350.shtml	搜狐视频App
铁血茶城：抗战时期，沐剑晨却穿了一件皮夹克，陶大雷不干了	http://m.tv.sohu.com/v137678846.shtml	搜狐视频App
铁血茶城：美女半夜睡得正香，不料被大汉一手捂住，这好戏上演了	http://m.tv.sohu.com/v137790413.shtml	搜狐视频App
铁血茶城：美女带着沐剑晨逃跑，剑晨走其他路跑了，排长打算射击	http://m.tv.sohu.com/v137297304.shtml	搜狐视频App
铁血茶城：美女带着受伤的沐剑晨离开，黑衣蒙面人的战斗力真猛！	http://m.tv.sohu.com/v137297376.shtml	搜狐视频App
铁血茶城：美女说她当年在玉米地里被人欺负了，感觉好可怜	http://m.tv.sohu.com/v137132655.shtml	搜狐视频App
铁血茶城：美女为逃跑吵着要上厕所，不料被俩大汉跟着，这下惨了	http://m.tv.sohu.com/v137604354.shtml	搜狐视频App
铁血茶城：美女找男子聊天，结果被男子一句话给气的半死	http://m.tv.sohu.com/v137193404.shtml	搜狐视频App
铁血茶城：美女正在睡觉，不料男子却突然床边，顿时吓懵了	http://m.tv.sohu.com/v137193558.shtml	搜狐视频App
铁血茶城：三姨太正在梳妆，不料却传来一声枪响，顿时心慌了	http://m.tv.sohu.com/v137780923.shtml	搜狐视频App
铁血茶城：书记要派人继续抓捕男子，美女听到这立马不吱声了	http://m.tv.sohu.com/v137193372.shtml	搜狐视频App
铁血茶城：土匪抢粮屠城，却留下老干部单挑，伸出脖子太嚣张	http://m.tv.sohu.com/v137679806.shtml	搜狐视频App
铁血茶城：土匪头子大婚，手下给他出了一个鸳鸯双修的主意，刺激	http://m.tv.sohu.com/v138141640.shtml	搜狐视频App
铁血茶城：小伙为报杀父之仇，拿热碳自毁容貌和声音，太狠了	http://m.tv.sohu.com/v137995088.shtml	搜狐视频App
铁血茶城：姨太和特务勾搭在一起，这下被大老爷知道了，好戏上演	http://m.tv.sohu.com/v138197357.shtml	搜狐视频App
铁血茶城：这帮土匪太能玩，竟然用这招赌输赢，太刺激了	http://m.tv.sohu.com/v137781128.shtml	搜狐视频App
铁血茶城：真是狗血，哑巴冒着生命危险救沐剑晨，结果却出人意料	http://m.tv.sohu.com/v138144265.shtml	搜狐视频App
铁血茶城 （普通话/原版/2019） 电视剧	https://v.qq.com/detail/s/sdp001hgp1fjwky.html	腾讯视频
铁血茶城:土匪没被枪打死却被没拉弦的手榴弹给砸死了!	https://v.qq.com/x/page/l08836c5md4.html	腾讯视频
铁血茶城：土匪团伙聚众赌博，居然玩的这么刺激，真是厉害了	https://v.qq.com/x/page/m0883n09h3n.html	腾讯视频
"铁血茶城:小伙带着情报返回基地,不料领导却说出如此过分的话"	https://v.qq.com/x/page/l0885ojlxat.html	腾讯视频
铁血茶城电视剧全集大结局，结局圆满很幸福	https://v.qq.com/x/page/e0884v3aq5b.html	腾讯视频
铁血茶城【大结局】	http://video.tudou.com/v/XNDIyMzkzNzY5Mg==.html	土豆视频
铁血茶城电视剧遇到新的敌人	http://video.tudou.com/v/XNDIyNTY0NzU2OA==.html	土豆视频
铁血茶城全集第31集谢飞和西候展开了白刃战	http://video.tudou.com/v/XNDIzMTg3MDI5Mg==.html	土豆视频
"#李蓓蕾# #铁血茶城# 看到小龙女眼睛都再放光芒,为夫报仇,谁也也别拦着,你也拦不住哈哈"	http://weibo.com/tv/v/Hyp9EakPG?fid=1034:4381997997450239	微博
#李蓓蕾# #铁血茶城# 试探哈哈就你那小九九我心里可清楚了	http://weibo.com/tv/v/HyDKn5X8E?fid=1034:4382558985590145	微博
万思维  #万思维铁血茶城# @万思维 铁血茶城丨沐剑晨丨EP01丨cut 机智勇敢沐	http://weibo.com/tv/v/HyAW21HkZ?fid=1034:4382450915448380	微博
周奕彤  #铁血茶城周奕彤# 关键时候还是得靠爸爸～@周奕彤babyfat	http://weibo.com/tv/v/HyxEGcYAH?fid=1034:4382324951847155	微博
"铁血茶城:小伙带着情报返回基地,不料领导却说出如此过分的话"	http://www.ixigua.com/i6702263042282881549/	西瓜视频
"铁血茶城:.小伙受伤美女前来探望,一见面美女这下不矜持了!"	http://www.ixigua.com/i6703069135921742349/	西瓜视频
"铁血茶城:剑晨带着队伍走到u形山道,不料长官却认为他不安好心"	http://www.ixigua.com/i6702649636424778253/	西瓜视频
"铁血茶城:美女半夜睡得正香,不料被大汉一手捂住,这好戏上演了"	http://www.ixigua.com/i6701205062703645191/	西瓜视频
"铁血茶城:美女带孩子上土匪山认亲,不料给小伙带帽子的是他大哥"	http://www.ixigua.com/i6702323880666595853/	西瓜视频
"铁血茶城:美女两人准备下水洗澡,谁知竟有人埋伏在旁,嘿嘿"	http://www.ixigua.com/i6703413399805493767/	西瓜视频
"铁血茶城:漂亮姨太唱戏给老爷听,这婀娜舞姿看的老爷眼睛都直了"	http://www.ixigua.com/i6703070071956177416/	西瓜视频
"铁血茶城:土匪头子大婚之日,手下给了一支这玩意:好东西好东西"	http://www.ixigua.com/i6702324369676304909/	西瓜视频
"铁血茶城:土匪下山洗劫村庄,居然还用辣椒点火来放烟,太恶毒了"	http://www.ixigua.com/i6703438659309273614/	西瓜视频
"铁血茶城:小伙被抓,不料这土匪这么有人情味,还亲自喂饭吃"	http://www.ixigua.com/i6701571955587285517/	西瓜视频
"铁血茶城:小伙为自救居然卸胳膊来解绳子,这隔着屏幕看着都疼啊"	http://www.ixigua.com/i6701571955369198093/	西瓜视频
"铁血茶城:有了内奸的帮助,土匪头子带队一下子就打到城门口了"	http://www.ixigua.com/i6703679700796965384/	西瓜视频
"铁血茶城:真是狗血,哑巴冒着生命危险救沐剑晨,结果却出人意料"	http://www.ixigua.com/i6701874290746196488/	西瓜视频
铁血茶城：青年医生给小伙治病，一会扎针筒一会插笔盖，真是奇了	http://v.youku.com/v_show/id_XNDIxODM3MDE0MA==.html	优酷视频
《铁血茶城》陈斯民强行逃走被击毙成替死鬼	http://v.youku.com/v_show/id_XNDIzMjI4MTIxNg==.html	优酷视频
《铁血茶城》陈斯民强行逃走被击毙成替死鬼	https://v.youku.com/v_show/id_XNDIzMjI4MTIxNg==.html	优酷视频
"铁血茶城:美女半夜睡得正香,不料被大汉一手捂住,这下好戏上演了"	https://v.youku.com/v_show/id_XNDIyNDE0NDk4NA==.html	优酷视频
铁血茶城【大结局】	https://v.youku.com/v_show/id_XNDIyMzkzNzY5Mg==	优酷视频
铁血茶城【大结局】	http://v.youku.com/v_show/id_XNDIyMzkzNzY5Mg==.html	优酷视频
铁血茶城电视剧遇到新的敌人	http://v.youku.com/v_show/id_XNDIyNjM3NjA0MA==.html	优酷视频
铁血茶城电视剧遇到新的敌人	http://v.youku.com/v_show/id_XNDIyNTY0NzU2OA==.html	优酷视频
铁血茶城全集第31集谢飞和西候展开了白刃战	http://v.youku.com/v_show/id_XNDIzMTg3MDI5Mg==.html	优酷视频
铁血茶城 - 第04集(预告)	http://v.360kan.com/sv/coPkOmPkSxn4TC.html	360影视大全App
《广西剿匪之铁血茶城》爱国情怀燃爆6月	http://m.iqiyi.com/v_19rs7phl3k.html	爱奇艺
《广西剿匪之铁血茶城》钟毓麟策反周培龙失败陶大雷大意尸体受损	http://m.iqiyi.com/v_19rs8gnyas.html	爱奇艺
《广西剿匪之铁血茶城》公审大会盘桂英劫囚、沐剑晨急救特务失败	http://m.iqiyi.com/v_19rs8hc2jg.html	爱奇艺
广西剿匪之铁血茶城沐剑晨自证清白背尸上路钟毓麟黄韵寒秘密接头	http://m.iqiyi.com/v_19rs8homhw.html	爱奇艺
《广西剿匪之铁血茶城》陈斯民投降暗怀鬼胎 沐剑晨布阵制止哗变	http://m.iqiyi.com/v_19rs8hw8n0.html	爱奇艺
《广西剿匪之铁血茶城》陈癜子借刀杀人攻克铜锣寨龙芷文酒坊征粮	http://m.iqiyi.com/v_19rs8i9bp4.html	爱奇艺
《广西剿匪之铁血茶城》黄韵寒栽赃沐剑晨特务 陈斯民逃走被击毙	http://m.iqiyi.com/v_19rs8ll1d0.html	爱奇艺
《广西剿匪之铁血茶城》国民党奸细甘士坚屡次搅浑水 盘桂英上山	http://m.iqiyi.com/v_19rs8m8yu0.html	爱奇艺
《广西剿匪之铁血茶城》阿仁报仇惨死银殿山 黄韵寒设计一石三鸟	http://m.iqiyi.com/v_19rs8mh5ik.html	爱奇艺
《广西剿匪之铁血茶城》国防部特派员认姐 不明黑衣人救下龙芷文	http://m.iqiyi.com/v_19rs8n96ow.html	爱奇艺
《广西剿匪之铁血茶城》爱国情怀燃爆6月	http://www.iqiyi.com/v_19rs7phl3k.html	爱奇艺
《广西剿匪之铁血茶城》钟毓麟策反周培龙失败陶大雷大意尸体受损	http://www.iqiyi.com/v_19rs8gnyas.html	爱奇艺
《广西剿匪之铁血茶城》公审大会盘桂英劫囚、沐剑晨急救特务失败	http://www.iqiyi.com/v_19rs8hc2jg.html	爱奇艺
广西剿匪之铁血茶城沐剑晨自证清白背尸上路钟毓麟黄韵寒秘密接头	http://www.iqiyi.com/v_19rs8homhw.html	爱奇艺
《广西剿匪之铁血茶城》陈斯民投降暗怀鬼胎 沐剑晨布阵制止哗变	http://www.iqiyi.com/v_19rs8hw8n0.html	爱奇艺
《广西剿匪之铁血茶城》陈癜子借刀杀人攻克铜锣寨龙芷文酒坊征粮	http://www.iqiyi.com/v_19rs8i9bp4.html	爱奇艺
《广西剿匪之铁血茶城》黄韵寒栽赃沐剑晨特务 陈斯民逃走被击毙	http://www.iqiyi.com/v_19rs8ll1d0.html	爱奇艺
《广西剿匪之铁血茶城》国民党奸细甘士坚屡次搅浑水 盘桂英上山	http://www.iqiyi.com/v_19rs8m8yu0.html	爱奇艺
《广西剿匪之铁血茶城》阿仁报仇惨死银殿山 黄韵寒设计一石三鸟	http://www.iqiyi.com/v_19rs8mh5ik.html	爱奇艺
《广西剿匪之铁血茶城》国防部特派员认姐 不明黑衣人救下龙芷文	http://www.iqiyi.com/v_19rs8n96ow.html	爱奇艺
铁血茶城 第01集	http://www.iqiyi.com/w_19s8suivc1.html	爱奇艺
铁血茶城电视剧被敌人包围了怎么办	https://m.iqiyi.com/v_19rsahoqe0.html	爱奇艺
《广西剿匪之铁血茶城》爱国情怀燃爆6月	https://www.iqiyi.com/v_19rs7phl3k.html	爱奇艺
《广西剿匪之铁血茶城》钟毓麟策反周培龙失败陶大雷大意尸体受损	https://www.iqiyi.com/v_19rs8gnyas.html	爱奇艺
《广西剿匪之铁血茶城》公审大会盘桂英劫囚、沐剑晨急救特务失败	https://www.iqiyi.com/v_19rs8hc2jg.html	爱奇艺
《广西剿匪之铁血茶城》陈斯民投降暗怀鬼胎 沐剑晨布阵制止哗变	https://www.iqiyi.com/v_19rs8hw8n0.html	爱奇艺
《广西剿匪之铁血茶城》陈癜子借刀杀人攻克铜锣寨龙芷文酒坊征粮	https://www.iqiyi.com/v_19rs8i9bp4.html	爱奇艺
铁血茶城电视剧遇到新的危险怎么办	https://www.iqiyi.com/v_19rs9x42hc.html	爱奇艺
《铁血茶城》战火猛烈！谢飞和西候展开白刃战	http://baidu.pptv.com/watch/02275367722215062964.html?page=videoMultiNeed	百度视频
《铁血茶城》石条村成人间地狱	http://baidu.pptv.com/watch/04178487350800043842.html?page=videoMultiNeed	百度视频
《铁血茶城》三个诸葛亮！王妹妹推理真假参半	http://baidu.pptv.com/watch/06138263219002392455.html?page=videoMultiNeed	百度视频
《铁血茶城》陈癜子指责龙芷文吃里爬外欲除之后快	http://baidu.pptv.com/watch/06883801493687959275.html?page=videoMultiNeed	百度视频
《铁血茶城》沐剑晨逃出囚室，龙芷文仗义相救	http://baidu.pptv.com/watch/07710273709193220635.html?page=videoMultiNeed	百度视频
《铁血茶城》土匪陈癜子变脸赛过翻书	http://baidu.pptv.com/watch/08405303926901825200.html?page=videoMultiNeed	百度视频
《铁血茶城》沐剑晨被冤成特务铁人在众人前公审...	http://baidu.pptv.com/watch/08831532160642102600.html?page=videoMultiNeed	百度视频
《铁血茶城》沐剑晨寻刺青无果	http://baidu.pptv.com/watch/2201699135730094100.html?page=videoMultiNeed	百度视频
《铁血茶城》龙芷文秘密收到父亲家信	http://baidu.pptv.com/watch/2885042941105117186.html?page=videoMultiNeed	百度视频
《铁血茶城》钟毓麟栽赃龙芷文通匪	http://baidu.pptv.com/watch/556960037305103700.html?page=videoMultiNeed	百度视频
《铁血茶城》沐剑晨怀疑周培龙私藏枪支暗自盘算	http://baidu.pptv.com/watch/6485548413146955953.html?page=videoMultiNeed	百度视频
《铁血茶城》周培龙诈死！老荆开棺验尸牺牲	http://baidu.pptv.com/watch/7329135446961830717.html?page=videoMultiNeed	百度视频
"铁血茶城:沐剑晨为查原因,以身试毒"	https://tieba.baidu.com/p/6171667799?pid=126229039218&cid=0#126229039218	百度贴吧
"铁血茶城:土匪想伏击解放军,没想到解放军早有准备,土匪中计了"	https://tieba.baidu.com/p/6172947302?pid=126248163073&cid=0#126248163073	百度贴吧
"《铁血茶城》诚意之作,磨剑而来,年代传奇战争大剧来袭!"	https://m.bilibili.com/video/av54346695.html	哔哩哔哩
"铁血茶城:男子回忆起以前,面对众人的嘲笑,他却诡异的笑起来"	https://baijiahao.baidu.com/s?id=1635951813475653217&wfr=content	好看视频
"铁血茶城:美女说自己小时候长得像男孩子,帅哥却这样说,直男!"	https://baijiahao.baidu.com/s?id=1635952804815285984&wfr=content	好看视频
"铁血茶城:伯父当年英姿勃发,美女说出这句话,沐剑晨开始怀疑"	https://baijiahao.baidu.com/s?id=1635952932293089664&wfr=content	好看视频
"铁血茶城:老父亲死了,如今自己男友还来落井下石,美女爆发了"	https://baijiahao.baidu.com/s?id=1636930918851495777&wfr=content	好看视频
"铁血茶城:土匪要欺负姑娘,没想到来了一个男子,把土匪杀了"	https://baijiahao.baidu.com/s?id=1637368241345969047&wfr=content	好看视频
《铁血茶城》战火猛烈！谢飞和西候展开白刃战	http://baidu.pptv.com/watch/02275367722215062964.html?page=videoMultiNeed_duba&fr=v.duba.com	金山影视
《铁血茶城》石条村成人间地狱	http://baidu.pptv.com/watch/04178487350800043842.html?page=videoMultiNeed_duba&fr=v.duba.com	金山影视
《铁血茶城》三个诸葛亮！王妹妹推理真假参半	http://baidu.pptv.com/watch/06138263219002392455.html?page=videoMultiNeed_duba&fr=v.duba.com	金山影视
《铁血茶城》陈癜子指责龙芷文吃里爬外欲除之后快	http://baidu.pptv.com/watch/06883801493687959275.html?page=videoMultiNeed_duba&fr=v.duba.com	金山影视
《铁血茶城》土匪陈癜子变脸赛过翻书	http://baidu.pptv.com/watch/08405303926901825200.html?page=videoMultiNeed_duba&fr=v.duba.com	金山影视
《铁血茶城》沐剑晨被冤成特务铁人在众人前公审...	http://baidu.pptv.com/watch/08831532160642102600.html?page=videoMultiNeed_duba&fr=v.duba.com	金山影视
《铁血茶城》沐剑晨寻刺青无果	http://baidu.pptv.com/watch/2201699135730094100.html?page=videoMultiNeed_duba&fr=v.duba.com	金山影视
《铁血茶城》龙芷文秘密收到父亲家信	http://baidu.pptv.com/watch/2885042941105117186.html?page=videoMultiNeed_duba&fr=v.duba.com	金山影视
《铁血茶城》钟毓麟栽赃龙芷文通匪	http://baidu.pptv.com/watch/556960037305103700.html?page=videoMultiNeed_duba&fr=v.duba.com	金山影视
《铁血茶城》沐剑晨怀疑周培龙私藏枪支暗自盘算	http://baidu.pptv.com/watch/6485548413146955953.html?page=videoMultiNeed_duba&fr=v.duba.com	金山影视
《铁血茶城》周培龙诈死！老荆开棺验尸牺牲	http://baidu.pptv.com/watch/7329135446961830717.html?page=videoMultiNeed_duba&fr=v.duba.com	金山影视
《铁血茶城》第18集预告	http://tv.miguvideo.com/?channelId=200300270000011&timepstamp=1508030298352&userId=&clientId=05ci6183355868774025477515&rate=1#/video/mv/657685942	咪咕直播App
《铁血茶城》第17集预告	http://tv.miguvideo.com/?channelId=200300270000011&timepstamp=1508030298352&userId=&clientId=05ci6183355868774025477515&rate=1#/video/mv/657686123	咪咕直播App
《铁血茶城》第15集	http://tv.miguvideo.com/?channelId=200300270000011&timepstamp=1508030298352&userId=&clientId=05ci6183355868774025477515&rate=1#/video/mv/657689009	咪咕直播App
《铁血茶城》第16集	http://tv.miguvideo.com/?channelId=200300270000011&timepstamp=1508030298352&userId=&clientId=05ci6183355868774025477515&rate=1#/video/mv/657690325	咪咕直播App
《铁血茶城》第17集	http://tv.miguvideo.com/?channelId=200300270000011&timepstamp=1508030298352&userId=&clientId=05ci6183355868774025477515&rate=1#/video/mv/657690821	咪咕直播App
《铁血茶城》第18集	http://tv.miguvideo.com/?channelId=200300270000011&timepstamp=1508030298352&userId=&clientId=05ci6183355868774025477515&rate=1#/video/mv/657691414	咪咕直播App
《铁血茶城》第19集预告	http://tv.miguvideo.com/?channelId=200300270000011&timepstamp=1508030298352&userId=&clientId=05ci6183355868774025477515&rate=1#/video/mv/657766675	咪咕直播App
《铁血茶城》第20集预告	http://tv.miguvideo.com/?channelId=200300270000011&timepstamp=1508030298352&userId=&clientId=05ci6183355868774025477515&rate=1#/video/mv/657766851	咪咕直播App
《铁血茶城》第22集预告	http://tv.miguvideo.com/?channelId=200300270000011&timepstamp=1508030298352&userId=&clientId=05ci6183355868774025477515&rate=1#/video/mv/657809663	咪咕直播App
《铁血茶城》第21集预告	http://tv.miguvideo.com/?channelId=200300270000011&timepstamp=1508030298352&userId=&clientId=05ci6183355868774025477515&rate=1#/video/mv/657809690	咪咕直播App
《铁血茶城》第19集	http://tv.miguvideo.com/?channelId=200300270000011&timepstamp=1508030298352&userId=&clientId=05ci6183355868774025477515&rate=1#/video/mv/657810546	咪咕直播App
《铁血茶城》第20集	http://tv.miguvideo.com/?channelId=200300270000011&timepstamp=1508030298352&userId=&clientId=05ci6183355868774025477515&rate=1#/video/mv/657810734	咪咕直播App
《铁血茶城》第21集	http://tv.miguvideo.com/?channelId=200300270000011&timepstamp=1508030298352&userId=&clientId=05ci6183355868774025477515&rate=1#/video/mv/657830062	咪咕直播App
《铁血茶城》第22集	http://tv.miguvideo.com/?channelId=200300270000011&timepstamp=1508030298352&userId=&clientId=05ci6183355868774025477515&rate=1#/video/mv/657830740	咪咕直播App
《铁血茶城》第24集预告	http://tv.miguvideo.com/?channelId=200300270000011&timepstamp=1508030298352&userId=&clientId=05ci6183355868774025477515&rate=1#/video/mv/657857238	咪咕直播App
《铁血茶城》第23集预告	http://tv.miguvideo.com/?channelId=200300270000011&timepstamp=1508030298352&userId=&clientId=05ci6183355868774025477515&rate=1#/video/mv/657857259	咪咕直播App
《铁血茶城》第23集	http://tv.miguvideo.com/?channelId=200300270000011&timepstamp=1508030298352&userId=&clientId=05ci6183355868774025477515&rate=1#/video/mv/657859288	咪咕直播App
《铁血茶城》第24集	http://tv.miguvideo.com/?channelId=200300270000011&timepstamp=1508030298352&userId=&clientId=05ci6183355868774025477515&rate=1#/video/mv/657860255	咪咕直播App
《铁血茶城》第25集预告	http://tv.miguvideo.com/?channelId=200300270000011&timepstamp=1508030298352&userId=&clientId=05ci6183355868774025477515&rate=1#/video/mv/657914564	咪咕直播App
《铁血茶城》第26集预告	http://tv.miguvideo.com/?channelId=200300270000011&timepstamp=1508030298352&userId=&clientId=05ci6183355868774025477515&rate=1#/video/mv/657914945	咪咕直播App
《铁血茶城》第27集预告	http://tv.miguvideo.com/?channelId=200300270000011&timepstamp=1508030298352&userId=&clientId=05ci6183355868774025477515&rate=1#/video/mv/657915948	咪咕直播App
《铁血茶城》第28集预告	http://tv.miguvideo.com/?channelId=200300270000011&timepstamp=1508030298352&userId=&clientId=05ci6183355868774025477515&rate=1#/video/mv/657916066	咪咕直播App
《铁血茶城》第25集	http://tv.miguvideo.com/?channelId=200300270000011&timepstamp=1508030298352&userId=&clientId=05ci6183355868774025477515&rate=1#/video/mv/657936904	咪咕直播App
《铁血茶城》第26集	http://tv.miguvideo.com/?channelId=200300270000011&timepstamp=1508030298352&userId=&clientId=05ci6183355868774025477515&rate=1#/video/mv/657936910	咪咕直播App
《铁血茶城》第27集	http://tv.miguvideo.com/?channelId=200300270000011&timepstamp=1508030298352&userId=&clientId=05ci6183355868774025477515&rate=1#/video/mv/657936945	咪咕直播App
《铁血茶城》第28集	http://tv.miguvideo.com/?channelId=200300270000011&timepstamp=1508030298352&userId=&clientId=05ci6183355868774025477515&rate=1#/video/mv/657936987	咪咕直播App
《铁血茶城》第29集预告	http://tv.miguvideo.com/?channelId=200300270000011&timepstamp=1508030298352&userId=&clientId=05ci6183355868774025477515&rate=1#/video/mv/657957515	咪咕直播App
《铁血茶城》第30集预告	http://tv.miguvideo.com/?channelId=200300270000011&timepstamp=1508030298352&userId=&clientId=05ci6183355868774025477515&rate=1#/video/mv/657957583	咪咕直播App
《铁血茶城》第29集	http://tv.miguvideo.com/?channelId=200300270000011&timepstamp=1508030298352&userId=&clientId=05ci6183355868774025477515&rate=1#/video/mv/657980362	咪咕直播App
《铁血茶城》第30集	http://tv.miguvideo.com/?channelId=200300270000011&timepstamp=1508030298352&userId=&clientId=05ci6183355868774025477515&rate=1#/video/mv/658023600	咪咕直播App
《铁血茶城》第31集预告	http://tv.miguvideo.com/?channelId=200300270000011&timepstamp=1508030298352&userId=&clientId=05ci6183355868774025477515&rate=1#/video/mv/658024381	咪咕直播App
《铁血茶城》第32集预告	http://tv.miguvideo.com/?channelId=200300270000011&timepstamp=1508030298352&userId=&clientId=05ci6183355868774025477515&rate=1#/video/mv/658024477	咪咕直播App
《铁血茶城》精华前贴	http://tv.miguvideo.com/?channelId=200300270000011&timepstamp=1508030298352&userId=&clientId=05ci6183355868774025477515&rate=1#/video/mv/658049781	咪咕直播App
《铁血茶城》第33集预告	http://tv.miguvideo.com/?channelId=200300270000011&timepstamp=1508030298352&userId=&clientId=05ci6183355868774025477515&rate=1#/video/mv/658070949	咪咕直播App
《铁血茶城》第34集预告	http://tv.miguvideo.com/?channelId=200300270000011&timepstamp=1508030298352&userId=&clientId=05ci6183355868774025477515&rate=1#/video/mv/658071055	咪咕直播App
《铁血茶城》第32集	http://tv.miguvideo.com/?channelId=200300270000011&timepstamp=1508030298352&userId=&clientId=05ci6183355868774025477515&rate=1#/video/mv/658071520	咪咕直播App
《铁血茶城》第31集	http://tv.miguvideo.com/?channelId=200300270000011&timepstamp=1508030298352&userId=&clientId=05ci6183355868774025477515&rate=1#/video/mv/658071560	咪咕直播App
《铁血茶城》第33集	http://tv.miguvideo.com/?channelId=200300270000011&timepstamp=1508030298352&userId=&clientId=05ci6183355868774025477515&rate=1#/video/mv/658088263	咪咕直播App
《铁血茶城》第34集	http://tv.miguvideo.com/?channelId=200300270000011&timepstamp=1508030298352&userId=&clientId=05ci6183355868774025477515&rate=1#/video/mv/658088402	咪咕直播App
《铁血茶城》第35集预告	http://tv.miguvideo.com/?channelId=200300270000011&timepstamp=1508030298352&userId=&clientId=05ci6183355868774025477515&rate=1#/video/mv/658126263	咪咕直播App
《铁血茶城》第36集预告	http://tv.miguvideo.com/?channelId=200300270000011&timepstamp=1508030298352&userId=&clientId=05ci6183355868774025477515&rate=1#/video/mv/658126320	咪咕直播App
《铁血茶城》第35集	http://tv.miguvideo.com/?channelId=200300270000011&timepstamp=1508030298352&userId=&clientId=05ci6183355868774025477515&rate=1#/video/mv/658139210	咪咕直播App
《铁血茶城》第36集	http://tv.miguvideo.com/?channelId=200300270000011&timepstamp=1508030298352&userId=&clientId=05ci6183355868774025477515&rate=1#/video/mv/658139229	咪咕直播App
《铁血茶城》第37集预告	http://tv.miguvideo.com/?channelId=200300270000011&timepstamp=1508030298352&userId=&clientId=05ci6183355868774025477515&rate=1#/video/mv/658177620	咪咕直播App
《铁血茶城》第38集预告	http://tv.miguvideo.com/?channelId=200300270000011&timepstamp=1508030298352&userId=&clientId=05ci6183355868774025477515&rate=1#/video/mv/658177836	咪咕直播App
《铁血茶城》第37集	http://tv.miguvideo.com/?channelId=200300270000011&timepstamp=1508030298352&userId=&clientId=05ci6183355868774025477515&rate=1#/video/mv/658193470	咪咕直播App
《铁血茶城》第38集	http://tv.miguvideo.com/?channelId=200300270000011&timepstamp=1508030298352&userId=&clientId=05ci6183355868774025477515&rate=1#/video/mv/658193478	咪咕直播App
《铁血茶城》第39集预告	http://tv.miguvideo.com/?channelId=200300270000011&timepstamp=1508030298352&userId=&clientId=05ci6183355868774025477515&rate=1#/video/mv/658231854	咪咕直播App
《铁血茶城》第40集预告	http://tv.miguvideo.com/?channelId=200300270000011&timepstamp=1508030298352&userId=&clientId=05ci6183355868774025477515&rate=1#/video/mv/658231963	咪咕直播App
《铁血茶城》第42集预告	http://tv.miguvideo.com/?channelId=200300270000011&timepstamp=1508030298352&userId=&clientId=05ci6183355868774025477515&rate=1#/video/mv/658246423	咪咕直播App
《铁血茶城》第41集预告	http://tv.miguvideo.com/?channelId=200300270000011&timepstamp=1508030298352&userId=&clientId=05ci6183355868774025477515&rate=1#/video/mv/658246458	咪咕直播App
《铁血茶城》第43集预告	http://tv.miguvideo.com/?channelId=200300270000011&timepstamp=1508030298352&userId=&clientId=05ci6183355868774025477515&rate=1#/video/mv/658246489	咪咕直播App
《铁血茶城》第44集预告	http://tv.miguvideo.com/?channelId=200300270000011&timepstamp=1508030298352&userId=&clientId=05ci6183355868774025477515&rate=1#/video/mv/658246512	咪咕直播App
《铁血茶城》第40集	http://tv.miguvideo.com/?channelId=200300270000011&timepstamp=1508030298352&userId=&clientId=05ci6183355868774025477515&rate=1#/video/mv/658246533	咪咕直播App
《铁血茶城》第39集	http://tv.miguvideo.com/?channelId=200300270000011&timepstamp=1508030298352&userId=&clientId=05ci6183355868774025477515&rate=1#/video/mv/658246546	咪咕直播App
《铁血茶城》第41集	http://tv.miguvideo.com/?channelId=200300270000011&timepstamp=1508030298352&userId=&clientId=05ci6183355868774025477515&rate=1#/video/mv/658248247	咪咕直播App
《铁血茶城》第42集	http://tv.miguvideo.com/?channelId=200300270000011&timepstamp=1508030298352&userId=&clientId=05ci6183355868774025477515&rate=1#/video/mv/658248276	咪咕直播App
《铁血茶城》第43集	http://tv.miguvideo.com/?channelId=200300270000011&timepstamp=1508030298352&userId=&clientId=05ci6183355868774025477515&rate=1#/video/mv/658249643	咪咕直播App
《铁血茶城》第44集	http://tv.miguvideo.com/?channelId=200300270000011&timepstamp=1508030298352&userId=&clientId=05ci6183355868774025477515&rate=1#/video/mv/658249951	咪咕直播App
《铁血茶城》第45集预告	http://tv.miguvideo.com/?channelId=200300270000011&timepstamp=1508030298352&userId=&clientId=05ci6183355868774025477515&rate=1#/video/mv/658266214	咪咕直播App
《铁血茶城》第46集预告	http://tv.miguvideo.com/?channelId=200300270000011&timepstamp=1508030298352&userId=&clientId=05ci6183355868774025477515&rate=1#/video/mv/658266266	咪咕直播App
《铁血茶城》第47集预告	http://tv.miguvideo.com/?channelId=200300270000011&timepstamp=1508030298352&userId=&clientId=05ci6183355868774025477515&rate=1#/video/mv/658290444	咪咕直播App
《铁血茶城》：讲述广西解放历史钩沉	http://tv.miguvideo.com/?channelId=200300270000011&timepstamp=1508030298352&userId=&clientId=05ci6183355868774025477515&rate=1#/video/mv/658293686	咪咕直播App
《铁血茶城》第45集	http://tv.miguvideo.com/?channelId=200300270000011&timepstamp=1508030298352&userId=&clientId=05ci6183355868774025477515&rate=1#/video/mv/658373559	咪咕直播App
《铁血茶城》第46集	http://tv.miguvideo.com/?channelId=200300270000011&timepstamp=1508030298352&userId=&clientId=05ci6183355868774025477515&rate=1#/video/mv/658374552	咪咕直播App
"铁血茶城:美女正在睡觉,不料男子却突然床边,顿时吓懵了"	http://sa.sogou.com/sgsearch/sgs_video.php?docid=sf_322557888519307264	搜狗搜索
"铁血茶城:土匪头子大婚,手下给他出了一个鸳鸯双修的主意,刺激"	http://sa.sogou.com/sgsearch/sgs_video.php?docid=sf_324190539139350528	搜狗搜索
铁血茶城：美女带孩子上土匪山认亲，不料给小伙带帽子的是他大哥	http://m.tv.sohu.com/v138402659.shtml	搜狐视频App
铁血茶城：土匪头子大婚之日，手下给了一支这玩意：好东西好东西	http://m.tv.sohu.com/v138441472.shtml	搜狐视频App
铁血茶城：压寨夫人大婚之日，居然拉起小伙的手，这下小伙慌了	http://m.tv.sohu.com/v138442526.shtml	搜狐视频App
铁血茶城：小伙为报救命之恩，处处为恩公着想，却遭人怀疑	http://m.tv.sohu.com/v139110737.shtml	搜狐视频App
铁血茶城：土匪头子围攻村庄，不会使用望远镜，糗大了！	http://m.tv.sohu.com/v139110921.shtml	搜狐视频App
铁血茶城：土匪下山住地主家，不料不忘土匪本性，还打起这坏主意	http://m.tv.sohu.com/v139387376.shtml	搜狐视频App
铁血茶城：阵地被破，壮汉带队与土匪拼刺刀，战况惨烈	http://m.tv.sohu.com/v139569153.shtml	搜狐视频App
铁血茶城：美女被小伙拒绝后，深夜屋顶倒油纵火，这也太狠了吧	http://m.tv.sohu.com/v139599055.shtml	搜狐视频App
铁血茶城：一个男子竟然给绑在了树上，旁边的妹子看不过去了	http://m.tv.sohu.com/v139610507.shtml	搜狐视频App
"铁血茶城:土匪团伙聚众赌博,居然玩的这么刺激,真是厉害了"	https://tv.sohu.com/v/dXMvMzM4NDUwMzA4LzEzNjgwODE5My5zaHRtbA==.html	搜狐视频App
"《铁血茶城》诚意之作,磨剑而来,年代传奇战争大剧来袭!"	https://m.v.qq.com/page/k/0/h/k08798h8euh.html	腾讯视频
"铁血茶城:土匪团伙聚众赌博,居然玩的这么刺激,真是厉害了"	https://m.v.qq.com/page/m/3/n/m0883n09h3n.html	腾讯视频
铁血茶城：男子吐槽他的名字，剑晨等于“奸臣”？美女回怼！	https://v.qq.com/x/page/c08896lmyw2.html	腾讯视频
铁血茶城：没想到女护士和县长都是敌军特务，一直潜伏在内部	https://v.qq.com/x/page/f0888en7dcq.html	腾讯视频
铁血茶城：美女半夜睡得正香，不料被大汉一手捂住，这好戏上演了	https://v.qq.com/x/page/h0888dvmv0s.html	腾讯视频
铁血茶城：姨太和特务勾搭在一起，这下被大老爷知道了，好戏上演	https://v.qq.com/x/page/j08880hmxop.html	腾讯视频
铁血茶城：姨太和特务勾搭在一起，这下被大老爷知道了，好戏上演	https://v.qq.com/x/page/j08882y7utl.html	腾讯视频
铁血茶城：剑晨带着队伍走到U形山道，不料长官却认为他不安好心	https://v.qq.com/x/page/m0889byx3gq.html	腾讯视频
铁血茶城：姨太和特务勾搭在一起，这下被大老爷知道了，好戏上演	https://v.qq.com/x/page/o0888ufu5ei.html	腾讯视频
铁血茶城：沐剑晨关系谢书记安危，提议带卡宾枪，却遭众人猜疑	https://v.qq.com/x/page/q0888o0k7sf.html	腾讯视频
铁血茶城：土匪下山住地主家，不料不忘土匪本性，还打起这坏主意	https://v.qq.com/x/page/q088977f2pn.html	腾讯视频
铁血茶城：小伙为劝美女回头，结果怼了美女一家子，这下搞笑了1	https://v.qq.com/x/page/t0889cq6osm.html	腾讯视频
"铁血茶城:没想到县长是敌军奸细,特务被包围时,县长暗中相救"	https://v.qq.com/x/page/u0888n0v0qh.html	腾讯视频
"铁血茶城:没想到女护士和县长都是敌军特务,一直潜伏在内部"	https://v.qq.com/x/page/x088895yyj7.html	腾讯视频
铁血茶城：老爷的心脏病犯了？小姐充满怀疑，机智查出他的谎言！	https://v.qq.com/x/page/z0889apyx6o.html	腾讯视频
"铁血茶城:土匪想伏击解放军,没想到解放军早有准备,土匪中计了"	http://video.tudou.com/v/XNDI0MDgzODUyNA====.html	土豆视频
铁血茶城全集第45集盘桂英得知杀夫真相	http://video.tudou.com/v/XNDI0MTI2NjE5Ng==.html	土豆视频
铁血茶城全集第46集一切真相大白	http://video.tudou.com/v/XNDI0MTI5MzAyMA==.html	土豆视频
铁血茶城电视剧遇到新的敌人	http://video.tudou.com/v/XNDIyNjM3NjA0MA==.html	土豆视频
铁血茶城全集第35集龙芷文杀害芋头	http://video.tudou.com/v/XNDIzNDQwODQxMg==.html	土豆视频
铁血茶城电视剧全集大结局很幸福	http://video.tudou.com/v/XNDIzNzI3MzIxNg==.html	土豆视频
铁血茶城电视剧遇到新的敌人	https://video.tudou.com/v/XNDIyNTY0NzU2OA==.html	土豆视频
铁血茶城全集第37集陈癜子劫持沐剑晨和龙芷文	https://video.tudou.com/v/XNDIzNTcxMDUzNg==.html	土豆视频
"铁血茶城:小弟醉酒说错话,不料被大王听到,揪起小辫子一通虐"	http://www.ixigua.com/i6701210755707961863/	西瓜视频
"铁血茶城:沐医生被贼人诬陷,刚回来就被无知的群众殴打晕倒"	http://www.ixigua.com/i6702258161203544584/	西瓜视频
"铁血茶城:土匪头子围攻村庄,不会使用望远镜,糗大了!"	http://www.ixigua.com/i6703780544993296899/	西瓜视频
"铁血茶城:小伙为报救命之恩,处处为恩公着想,却遭人怀疑"	http://www.ixigua.com/i6703783572936851971/	西瓜视频
"铁血茶城:黑衣人趁夜绑人,陈癫子决定带土匪们攻打县城"	http://www.ixigua.com/i6704122160757080590/	西瓜视频
"铁血茶城:荆大哥在混乱中被捅了几刀,用死证明了一切都是阴谋,"	http://www.ixigua.com/i6704123217348395527/	西瓜视频
"铁血茶城:老父亲死了,如今自己男友还来落井下石,美女爆发了"	http://www.ixigua.com/i6704123588636574215/	西瓜视频
"铁血茶城:一个男子竟然给绑在了树上,旁边的妹子看不过去了"	http://www.ixigua.com/i6705256579727360526/	西瓜视频
"铁血茶城:土匪假扮跳大神进村庄,不料死性不改,还盯着女人不放"	http://www.ixigua.com/i6705611637094613517/	西瓜视频
"铁血茶城:土匪头子追美女护士,不料追到死胡同,中了美女的伎俩"	http://www.ixigua.com/i6705641491194184205/	西瓜视频
【#铁血茶城# #PP视频#全网独播】 龙芷文 @周奕彤babyfat 大义灭亲酒坊征粮[	http://video.weibo.com/show?fid=1034%3A4379472854733398	新浪微博
【#铁血茶城# #PP视频#全网独播】 周培龙@演员丁勇岱 试探沐剑晨@万思维 带上龙	http://video.weibo.com/show?fid=1034%3A4381594283087177	新浪微博
【#铁血茶城# #PP视频#全网独播】 小玉@杨诚诚 带芋头上山认父牵扯陈年旧事 #PP视	http://video.weibo.com/show?fid=1034%3A4382314114032088	新浪微博
"【#铁血茶城# #PP视频#6月3日24点上线】她是美丽纯情的茶城女孩,更是倔强虔诚的革命"	http://video.weibo.com/show?fid=1034:4378068098177497	新浪微博
"#周奕彤[超话]#  #铁血茶城周奕彤# 被王妹妹同志三言两语“忽悠”之后,小龙同志急"	http://video.weibo.com/show?fid=1034:4380545707399854	新浪微博
《铁血茶城》万思维演绎另类英雄经历“九死一生”	http://toutiao.com/group/6695160052107444749/	阳光宽频网
铁血茶城：土匪想伏击解放军，没想到解放军早有准备，土匪中计了	http://v.youku.com/v_show/id_XNDI0MDgzODUyNA==.html	优酷视频
铁血茶城全集第45集盘桂英得知杀夫真相	http://v.youku.com/v_show/id_XNDI0MTI2NjE5Ng==.html	优酷视频
铁血茶城全集第46集一切真相大白	http://v.youku.com/v_show/id_XNDI0MTI5MzAyMA==.html	优酷视频
铁血茶城电视剧被敌人包围了很紧张	http://v.youku.com/v_show/id_XNDIyMzYzNjQ2MA%3D%3D.html	优酷视频
铁血茶城电视剧被敌人包围了很紧张	http://v.youku.com/v_show/id_XNDIyMzYzNjQ2MA==.html	优酷视频
铁血茶城：姨太和千金大小姐一个桌上吃饭，这么香的饭菜都关不住女人的嘴	http://v.youku.com/v_show/id_XNDIyOTQ2MDk1Mg==.html	优酷视频
铁血茶城全集第33集	http://v.youku.com/v_show/id_XNDIzMzA5MzI2NA==.html	优酷视频
铁血茶城全集第35集龙芷文杀害芋头	http://v.youku.com/v_show/id_XNDIzNDQwODQxMg==.html	优酷视频
铁血茶城全集第37集陈癜子劫持沐剑晨和龙芷文	http://v.youku.com/v_show/id_XNDIzNTcxMDUzNg==.html	优酷视频
铁血茶城：美女半夜睡得正香，不料被大汉一手捂住，这好戏上演了	http://v.youku.com/v_show/id_XNDIzNzc0NjA0MA==.html	优酷视频
铁血茶城：土匪抢粮屠城，却留下老干部单挑，伸出脖子太嚣张	http://v.youku.com/v_show/id_XNDIzNzc0NjM2NA==.html	优酷视频
铁血茶城全集第39集陈癜子射杀周培龙	http://v.youku.com/v_show/id_XNDIzNzExNzk1Ng==.html	优酷视频
"铁血茶城:土匪下山住地主家,不料不忘土匪本性,还打起这坏主意"	http://v.youku.com/v_show/id_XNDIzODk4NjExNg==.html	优酷视频
"铁血茶城:小弟女友被老大睡了,还要给老大婆娘赔罪,心真大"	http://v.youku.com/v_show/id_XNDIzODk4NzUyMA==.html	优酷视频
铁血茶城：美女在土匪头子面前太嚣张，土匪直接把她赏给手下，做法真狠	http://v.youku.com/v_show/id_XNDIzODk4ODg5Ng==.html	优酷视频
"铁血茶城:土匪以为盘桂英要奖赏他们,不料美女请他们吃枪子,奖的真好"	http://v.youku.com/v_show/id_XNDIzODk5Mzc0MA==.html	优酷视频
《铁血茶城》石条村成人间地狱，惨不忍睹！	http://v.youku.com/v_show/id_XNDIzODMwODgwOA==.html	优酷视频
"铁血茶城:土匪想伏击解放军,没想到解放军早有准备,土匪中计了"	https://v.youku.com/v_show/id_XNDI0MjU1NTIwNA==.html	优酷视频
铁血茶城全集第46集一切真相大白	https://v.youku.com/v_show/id_XNDI0MTI5MzAyMA==	优酷视频
"铁血茶城:三个小伙上山巡查,不料山中空投落下挂在树上,这下乐坏了"	https://v.youku.com/v_show/id_XNDIxODM2OTY0MA==	优酷视频
"铁血茶城:勇猛小伙大展身手一掌拍死一个人,这啥功夫也太厉害了"	https://v.youku.com/v_show/id_XNDIxODM3MTYyNA==	优酷视频
"铁血茶城:美女半夜睡得正香,不料被大汉一手捂住,这下好戏上演了"	https://v.youku.com/v_show/id_XNDIyNDE0NDk4NA%3D%3D.html	优酷视频
铁血茶城全集第31集谢飞和西候展开了白刃战	https://v.youku.com/v_show/id_XNDIzMTg3MDI5Mg==.html	优酷视频
铁血茶城全集第35集龙芷文杀害芋头	https://v.youku.com/v_show/id_XNDIzNDQwODQxMg==.html	优酷视频
铁血茶城：美女半夜睡得正香，不料被大汉一手捂住，这好戏上演了	https://v.youku.com/v_show/id_XNDIzNzc0NjA0MA==.html	优酷视频
铁血茶城电视剧全集大结局很幸福	https://v.youku.com/v_show/id_XNDIzNzI3MzIxNg==	优酷视频
铁血茶城电视剧全集大结局很幸福	https://v.youku.com/v_show/id_XNDIzNzI3MzIxNg==.html	优酷视频
"铁血茶城:姨太和特务勾搭在一起,这下被大老爷知道了,好戏上演"	https://v.youku.com/v_show/id_XNDIzODk4MzE2OA==	优酷视频
"铁血茶城:小弟女友被老大睡了,还要给老大婆娘赔罪,心真大"	https://v.youku.com/v_show/id_XNDIzODk4NzUyMA==	优酷视频
铁血茶城：小弟女友被老大睡了，还要给老大婆娘赔罪，心真大	https://v.youku.com/v_show/id_XNDIzODk4NzUyMA==.html	优酷视频
铁血茶城：美女在土匪头子面前太嚣张，土匪直接把她赏给手下，做法真狠	https://v.youku.com/v_show/id_XNDIzODk4ODg5Ng==.html	优酷视频
"铁血茶城:三姨太正在梳妆,不料却传来一声枪响,顿时心慌了"	https://v.youku.com/v_show/id_XNDIzODk5NzgxMg==.html	优酷视频
铁血茶城：有了内奸的帮助，土匪头子带队一下子就打到城门口了	https://v.youku.com/v_show/id_XNDIzODk5OTk3Ng==.html	优酷视频
"《铁血茶城》石条村成人间地狱,惨不忍睹!"	https://v.youku.com/v_show/id_XNDIzODMwODgwOA==.html	优酷视频
铁血茶城：土匪下山洗劫村庄，居然还用辣椒点火来放烟，太恶毒了	http://m.tv.sohu.com/v139015625.shtml	搜狐视频App
铁血茶城：土匪假扮跳大神进村庄，不料死性不改，还盯着女人不放	http://m.tv.sohu.com/v139740180.shtml	搜狐视频App
铁血茶城：军队上山突袭土匪，不料一个鞭炮声吓得军队立马慌了	http://m.tv.sohu.com/v139740272.shtml	搜狐视频App
铁血茶城：土匪头儿竟然把手下的钱全部赢光，压箱底的钱也没有了	http://m.tv.sohu.com/v139947615.shtml	搜狐视频App
铁血茶城：男子要给小女孩打针，女孩父亲没见过西药，拼命阻拦	http://m.tv.sohu.com/v140069555.shtml	搜狐视频App
铁血茶城 ：敌军特务想在山寨搞破坏，没想到解放军早有准备	http://m.tv.sohu.com/v140358968.shtml	搜狐视频App
"铁血茶城:没想到女护士和县长都是敌军特务,一直潜伏在内部"	http://sa.sogou.com/sgsearch/sgs_video.php?docid=648b0d0b6ef171810ae83fa8ebbdcc72	搜狗搜索
"铁血茶城:大结局特派员想独自逃跑,三姨太选择和他同归于尽!"	http://sa.sogou.com/sgsearch/sgs_video.php?docid=8db800ceb73915d64a9cbf36579dbfa1	搜狗搜索
"铁血茶城:女护士一枪命中特务的心脏,排长怀疑她有问题"	http://sa.sogou.com/sgsearch/sgs_video.php?docid=a5bce6ce8a49db8f603efaa3eb3b54dd	搜狗搜索
"铁血茶城:三姨太正在梳妆,不料却传来一声枪响,顿时心慌了"	http://sa.sogou.com/sgsearch/sgs_video.php?docid=sf_323376096889372672	搜狗搜索
"铁血茶城:美女半夜睡得正香,不料被大汉一手捂住,这好戏上演了"	http://sa.sogou.com/sgsearch/sgs_video.php?docid=sf_323392188139536384	搜狗搜索
"铁血茶城:姨太和特务勾搭在一起,这下被大老爷知道了,好戏上演"	http://sa.sogou.com/sgsearch/sgs_video.php?docid=sf_324344010689839104	搜狗搜索
"铁血茶城 :敌军特务想在山寨搞破坏,没想到解放军早有准备"	http://sa.sogou.com/sgsearch/sgs_video.php?docid=sf_329055982614315008	搜狗搜索
铁血茶城：姑娘去山上打野味，没想到发现了敌军特务	http://toutiao.com/group/6706685972576207373/	西瓜视频
《铁血茶城》第47集	http://tv.miguvideo.com/?channelId=200300270000011&timepstamp=1508030298352&userId=&clientId=05ci6183355868774025477515&rate=1#/video/mv/658423344	咪咕直播App
《广西剿匪之铁血茶城》阿仁报仇惨死银殿山 黄韵寒设计一石三鸟	http://v.360kan.com/sv/dofjOmPoTxXzSy.html	360影视
铁血茶城：医生质疑男子杀了军座，没想到男子一时心急，不打自招	http://v.youku.com/v_show/id_XNDI0MzcxNzA2NA==.html	优酷视频
铁血茶城：土匪要欺负姑娘，没想到来了一个男子，把土匪杀了	http://v.youku.com/v_show/id_XNDI0MzcxNzE2NA==.html	优酷视频
"铁血茶城:美女被小伙拒绝后,深夜屋顶倒油纵火!"	http://v.youku.com/v_show/id_XNDI0NDMyMzM3Mg==.html	优酷视频
铁血茶城：小伙为报杀父之仇，拿热碳自毁容貌和声音！	http://v.youku.com/v_show/id_XNDI0NDMyNjY2MA==.html	优酷视频
铁血茶城：军队搜山，不料中了土匪的计，厉害的陷阱！	http://v.youku.com/v_show/id_XNDI0NDMyNTIwMA==.html	优酷视频
"铁血茶城:男子要给小女孩打针,女孩父亲没见过西药,拼命阻拦"	http://v.youku.com/v_show/id_XNDI0NDMyODEwMA==.html	优酷视频
"铁血茶城:压寨夫人大婚之日,居然拉起小伙的手,这下小伙慌了"	http://v.youku.com/v_show/id_XNDI0NDMzMTk4MA==.html	优酷视频
《铁血茶城》缩头乌龟，眼睁睁看着自己的女人被土匪头子欺负都不管	http://v.youku.com/v_show/id_XNDI0Njc5Mjg3Ng==.html	优酷视频
铁血茶城：特务任务失败后，要杀男子泄愤，男子趁其不备跳车逃走	http://v.youku.com/v_show/id_XNDI0NTE3ODY3Ng==.html	优酷视频
铁血茶城：敌军特务被解放军包围，为逃跑，挟持姑娘做人质	http://v.youku.com/v_show/id_XNDI0NTE4NzI2OA==.html	优酷视频
《铁血茶城》一波未平一波又起！沐剑晨一队人中埋伏	http://v.youku.com/v_show/id_XNDI0NTI1NjI3Mg==.html	优酷视频
《铁血茶城》周培龙与特派员秘密对话，意味着即将会有大行动	http://v.youku.com/v_show/id_XNDI0NTI1OTE4NA==.html	优酷视频
铁血茶城【大结局】	http://v.youku.com/v_show/id_XNDIyMzkzNzY5Mg%3D%3D.html	优酷视频
铁血茶城电视剧遇到新的敌人	http://v.youku.com/v_show/id_XNDIyNjM3NjA0MA%3D%3D.html	优酷视频
"铁血茶城:甘士坚独自去了一破庙,没想到他竟是去找特务接头"	http://v.youku.com/v_show/id_XNDIzODk5NTcwNA==.html	优酷视频
"铁血茶城:医生质疑男子杀了军座,没想到男子一时心急,不打自招"	http://video.tudou.com/v/XNDI0MzcxNzA2NA==.html	土豆视频
铁血茶城电视剧遇到新的敌人	http://video.tudou.com/v/XNDIyNjM3NjA0MA%3D%3D.html	土豆视频
《铁血茶城》诚意之作，磨剑而来，年代传奇战争大剧来袭！	http://www.bilibili.com/video/av54346695?from=search&seid=10691232525013675994	哔哩哔哩
《铁血茶城》诚意之作，磨剑而来，年代传奇战争大剧来袭！	http://www.bilibili.com/video/av54346695?from=search&seid=14073625568349504925	哔哩哔哩
铁血茶城	http://www.dyxia.com/Zuixindaluju/TXCC66800/	全集网
"铁血茶城:阵地被破,壮汉带队与土匪拼刺刀,战况惨烈"	http://www.ixigua.com/i6704888377881133575/	西瓜视频
"铁血茶城:美女竟然对连长有首长有情绪,原来是喜欢男医生"	http://www.ixigua.com/i6705628481494974990/	西瓜视频
"铁血茶城:土匪头儿竟然把手下的钱全部赢光,压箱底的钱也没有了"	http://www.ixigua.com/i6706004235902779917/	西瓜视频
《铁血茶城》一场空城计!沐剑晨布阵制止哗变	http://www.ixigua.com/i6706340676558127620/	西瓜视频
"铁血茶城:沐医生一直喜欢小龙,可把这个女医生羡慕坏了"	http://www.ixigua.com/i6707473016625824260/	西瓜视频
"铁血茶城:小伙眼看着父亲被土匪杀害,直接暴走冲了上去"	http://www.ixigua.com/i6708241622791881223/	西瓜视频
"铁血茶城:俘虏劫持美女护士,关键时刻沐剑晨两个字救了美女"	http://www.ixigua.com/i6708242782214947331/	西瓜视频
"铁血茶城:没想到女护士和县长都是敌军特务,一直潜伏在内部"	https://baijiahao.baidu.com/s?id=1637009477903245514&wfr=content	好看视频
"铁血茶城:土匪头子带队一下子就打到城门口了,精彩上演"	https://baijiahao.baidu.com/s?id=1637666413921330542&wfr=content	好看视频
"铁血茶城:不是不报,时候未到,时候一到,通通全报!"	https://baijiahao.baidu.com/s?id=1637933290721581784&wfr=content	好看视频
"铁血茶城:一个称谓,2个人喝酒变成三个人,又变成更多人喝酒!"	https://baijiahao.baidu.com/s?id=1637935491328334407&wfr=content	好看视频
铁血茶城大结局：特务无情要逃跑，却没想到被深爱自己的女子炸死	https://haokan.baidu.com/v?vid=10023009478035041201	好看视频
"铁血茶城:敌军特务想在山寨搞破坏,没想到解放军早有准备"	https://m.v.qq.com/page/h/3/b/h08926ag33b.html	腾讯视频
"铁血茶城:国军军长退隐后,没想到在街上被自己的部下一刀毙命"	https://m.v.qq.com/page/l/n/8/l08913hgpn8.html	腾讯视频
"铁血茶城:没想到女护士和县长都是敌军特务,一直潜伏在内部"	https://m.v.qq.com/page/x/j/7/x088895yyj7.html	腾讯视频
"铁血茶城:女护士一枪命中特务的心脏,排长怀疑她有问题"	https://m.v.qq.com/page/z/0/7/z0890uk4vq7.html	腾讯视频
"《铁血茶城》诚意之作,磨剑而来,年代传奇战争大剧来袭!"	https://m.v.qq.com/x/page/k/u/h/k08798h8euh.html	腾讯视频
"铁血茶城:特务任务失败后,要杀男子泄愤,男子趁其不备跳车逃走"	https://tieba.baidu.com/p/6176825144?pid=126306223057&cid=0#126306223057	百度贴吧
"铁血茶城:女护士一枪命中特务的心脏,排长怀疑她有问题"	https://tieba.baidu.com/p/6178811444?pid=126336373824&cid=0#126336373824	百度贴吧
"铁血茶城:龙芷文不明白沐剑晨的反常,怎么可能变得这么狠毒?"	https://tieba.baidu.com/p/6182360476?pid=126390187258&cid=0#126390187258	百度贴吧
铁血茶城：酒桌上，陈癫子疯狂秀自己的仙人藤，太搞笑了	https://v.qq.com/x/page/a08900ex9qx.html	腾讯视频
"铁血茶城:医生质疑男子杀了军座,没想到男子一时心急,不打自招"	https://v.qq.com/x/page/a0892d7mdqk.html	腾讯视频
铁血茶城：小伙为劝美女回头，结果怼了美女一家子，这下搞笑了	https://v.qq.com/x/page/b0891s2vy8b.html	腾讯视频
"铁血茶城:美女竟然对连长有首长有情绪,原来是喜欢男医生"	https://v.qq.com/x/page/b0892y2mbld.html	腾讯视频
铁血茶城：土匪想伏击解放军，没想到解放军早有准备，土匪中计了	https://v.qq.com/x/page/d0893kasfbi.html	腾讯视频
铁血茶城：美女不敢相信男医生是特务，两个女医生抱头痛哭	https://v.qq.com/x/page/e0892gntv08.html	腾讯视频
铁血茶城：敌军特务想在山寨搞破坏，没想到解放军早有准备	https://v.qq.com/x/page/h08926ag33b.html	腾讯视频
铁血茶城：姑娘去山上打野味，没想到发现了敌军特务	https://v.qq.com/x/page/n0892tuwfr5.html	腾讯视频
铁血茶城：敌军特务想在山寨搞破坏，没想到解放军早有准备	https://v.qq.com/x/page/p0891nlqnu0.html	腾讯视频
铁血茶城：一个男子竟然给绑在了树上，旁边的妹子看不过去了	https://v.qq.com/x/page/p0891rog95v.html	腾讯视频
"铁血茶城:姑娘去山上打野味,没想到发现了敌军特务"	https://v.qq.com/x/page/s08924slvgg.html	腾讯视频
铁血茶城：敌军特务被解放军包围，为逃跑，挟持姑娘做人质	https://v.qq.com/x/page/u08918a1z7h.html	腾讯视频
"铁血茶城:大结局特派员想独自逃跑,三姨太选择和他同归于尽!"	https://v.qq.com/x/page/u0892qr8uyn.html	腾讯视频
铁血茶城：姨太和特务勾搭在一起，这下被大老爷知道了，好戏上演	https://v.qq.com/x/page/u0892s2r0h4.html	腾讯视频
铁血茶城：女护士一枪命中特务的心脏，排长怀疑她有问题	https://v.qq.com/x/page/z0890uk4vq7.html	腾讯视频
铁血茶城：土匪要欺负姑娘，没想到来了一个男子，把土匪杀了	https://v.qq.com/x/page/z0892z91izw.html	腾讯视频
"铁血茶城:医生质疑男子杀了军座,没想到男子一时心急,不打自招"	https://v.youku.com/v_show/id_XNDI0MzcxNzA2NA==.html	优酷视频
《铁血茶城》一场空城计!沐剑晨布阵制止哗变	https://v.youku.com/v_show/id_XNDI0MzY4NTEyOA==	优酷视频
《铁血茶城》盘桂英误会解放军	https://v.youku.com/v_show/id_XNDI0MzY5NTMwNA==.html	优酷视频
铁血茶城：美女带孩子上土匪山认亲，不料给小伙带帽子的是他大哥	https://v.youku.com/v_show/id_XNDI0NDMyMTgwMA==.html	优酷视频
《铁血茶城》一波未平一波又起!沐剑晨一队人中埋伏	https://v.youku.com/v_show/id_XNDI0NTI1NjI3Mg==.html	优酷视频
《铁血茶城》黄癫子恼羞成怒欲杀钟毓麟	https://v.youku.com/v_show/id_XNDI0NTI2NDU5Mg==.html	优酷视频
"铁血茶城:土匪想伏击解放军,没想到解放军早有准备,土匪中计了"	https://v.youku.com/v_show/id_XNDI0NzE2NDEyNA==.html	优酷视频
《铁血茶城》没想到县长是敌军奸细，特务被包围时，县长暗中相救	https://v.youku.com/v_show/id_XNDI0ODgxMzg0OA==.html	优酷视频
"《铁血茶城》敌军特务被解放军包围,为逃跑,挟持姑娘做人质"	https://v.youku.com/v_show/id_XNDI1MjE5NzUyOA==.html	优酷视频
铁血茶城电视剧全集大结局很幸福	https://v.youku.com/v_show/id_XNDIxNzA1MjQ0MA%3D%3D.html	优酷视频
铁血茶城电视剧全集大结局很幸福	https://v.youku.com/v_show/id_XNDIxNzA1MjQ0MA==.html	优酷视频
《铁血茶城》陈斯民强行逃走被击毙成替死鬼	https://v.youku.com/v_show/id_XNDIzMjI4MTIxNg==	优酷视频
铁血茶城全集第37集陈癜子劫持沐剑晨和龙芷文	https://v.youku.com/v_show/id_XNDIzNTcxMDUzNg==.html	优酷视频
铁血茶城全集第39集陈癜子射杀周培龙	https://v.youku.com/v_show/id_XNDIzNzExNzk1Ng==.html	优酷视频
铁血茶城全集第46集一切真相大白	https://video.tudou.com/v/XNDI0MTI5MzAyMA==.html	土豆视频
"铁血茶城:没想到女护士和县长都是敌军特务,一直潜伏在内部"	http://v.360kan.com/sv/c4boOmPpTxL1SC.html	360影视大全App
江西卫视6月3日《铁血茶城》	http://v.360kan.com/sv/cYfqOmPjUBL2UC.html	361影视大全App
"铁血茶城:小伙带着情报返回基地,不料领导却说出如此过分的话"	http://v.360kan.com/sv/doLkOmPnSRHySC.html	362影视大全App
铁血茶城剧讲述了二十世纪五十年代初共产党领导下粉碎了敌人阴谋	http://m.iqiyi.com/a_19rri0uhi5.html	爱奇艺
铁血茶城 02	http://m.iqiyi.com/v_19rrzupi4c.html	爱奇艺
铁血茶城 02	http://m.iqiyi.com/v_19rrzupidw.html	爱奇艺
铁血茶城 01	http://m.iqiyi.com/v_19rs06ke0o.html	爱奇艺
【＃铁血茶城＃ ＃PP视频＃全网独播】诚...	http://m.iqiyi.com/w_19s8n4xexx.html	爱奇艺
铁血茶城剧讲述了二十世纪五十年代初共产党领导下粉碎了敌人阴谋	http://www.iqiyi.com/a_19rri0uhi5.html	爱奇艺
铁血茶城 02	http://www.iqiyi.com/v_19rrzupi4c.html	爱奇艺
铁血茶城 02	http://www.iqiyi.com/v_19rrzupidw.html	爱奇艺
铁血茶城 01	http://www.iqiyi.com/v_19rs06ke0o.html	爱奇艺
【＃铁血茶城＃ ＃PP视频＃全网独播】诚...	http://www.iqiyi.com/w_19s8n4xexx.html	爱奇艺
铁血茶城剧讲述了二十世纪五十年代初共产党领导下粉碎了敌人阴谋 :铁血茶城 01	https://www.iqiyi.com/v_19rs06ke0o.html	爱奇艺
铁血茶城剧讲述了二十世纪五十年代初共产党领导下粉碎了敌人阴谋 :铁血茶城 10	https://www.iqiyi.com/v_19rs0a6sms.html	爱奇艺
铁血茶城剧讲述了二十世纪五十年代初共产党领导下粉碎了敌人阴谋 :铁血茶城 06	https://www.iqiyi.com/v_19rs0aq9dk.html	爱奇艺
"铁血茶城:土匪想伏击解放军,没想到解放军早有准备,土匪中计了"	https://tieba.baidu.com/p/6183344716?pid=126405524028&cid=0#126405524028	百度贴吧
"铁血茶城:周公死了?沐剑晨:瞳孔放大了,女儿心中痛苦!"	https://tieba.baidu.com/p/6184392905?pid=126422168527&cid=0#126422168527	百度贴吧
"铁血茶城:甘士坚称要尽早除掉沐剑晨,不然迟早是个祸害"	https://tieba.baidu.com/p/6185420769?pid=126438778621&cid=0#126438778621	百度贴吧
"铁血茶城:刘玉堂刚要去苗寨求婚,没想到阿西苗苗竟骑马下山了!"	https://tieba.baidu.com/p/6188550229?pid=126488284958&cid=0#126488284958	百度贴吧
《铁血茶城》诚意之作，磨剑而来，年代传奇战争大剧来袭！	http://www.bilibili.com/video/av54346695?from=search&seid=13408134906670528556	哔哩哔哩
"铁血茶城:没想到县长是敌军奸细,特务被包围时,县长暗中相救"	https://baijiahao.baidu.com/s?id=1637008930869251799&wfr=content	好看视频
"铁血茶城:组织一直在怀疑剑晨,周公却很欣赏,都想把女儿嫁给他"	https://baijiahao.baidu.com/s?id=1637935379297776610&wfr=content	好看视频
"铁血茶城:第二天就要动手了,他却做出这件事,美女要干掉同伙?"	https://baijiahao.baidu.com/s?id=1638022600625678681&wfr=content	好看视频
"铁血茶城:土匪要欺负姑娘,没想到来了一个男子,把土匪杀了"	https://baijiahao.baidu.com/s?id=1638110771181801466&wfr=content	好看视频
铁血茶城：剑晨和周公连干三杯，女人的一句话，周公回怼：假过吗	https://haokan.baidu.com/v?vid=10097682119844540240	好看视频
铁血茶城：美女承认沐医生是他的男朋友？美女发怒，准备打他	https://haokan.baidu.com/v?vid=12000088701795759865	好看视频
铁血茶城：周公自罚三杯，谢书记却要敬周公一杯，周公连忙感谢	https://haokan.baidu.com/v?vid=12958291951204669897	好看视频
铁血茶城：两个阶级，两个阵营的矛盾，周公觉得惭愧啊！	https://haokan.baidu.com/v?vid=13015308835877195705	好看视频
铁血茶城：谢书记让他先休息，晚上打算给他洗尘接风！	https://haokan.baidu.com/v?vid=1371016637051728025	好看视频
铁血茶城：众人为共产主义干一杯，周公期盼着这一天的到来	https://haokan.baidu.com/v?vid=15020449865313318270	好看视频
铁血茶城大结局特派员想独自逃跑，三姨太选择和他同归于尽！	https://haokan.baidu.com/v?vid=15648265487722030415	好看视频
铁血茶城：沐剑晨见过特务，打算把特务的画像画出来！	https://haokan.baidu.com/v?vid=18022101690814837759	好看视频
铁血茶城：攻打银殿山，解放军将在晚上出发，很快就能打下？	https://haokan.baidu.com/v?vid=18238198069729635365	好看视频
铁血茶城：组织一直在怀疑剑晨，周公却很欣赏，都想把女儿嫁给他	https://haokan.baidu.com/v?vid=2146749765928374388	好看视频
铁血茶城：第二天就要动手了，他却做出这件事，美女要干掉同伙？	https://haokan.baidu.com/v?vid=3135446895551288262	好看视频
铁血茶城：父亲来了，孝顺的美女带着父亲离开，忽略了车上的美女	https://haokan.baidu.com/v?vid=3769386147416725699	好看视频
铁血茶城：父亲只想到明哲保身，息事宁人，他觉得对不起女儿！	https://haokan.baidu.com/v?vid=4476136282745117791	好看视频
铁血茶城：美女听到这个消息，很意外，阿廖姑娘寻短见？	https://haokan.baidu.com/v?vid=4741257747564825654	好看视频
铁血茶城：国民党特务绑架了周公的女儿？国民党特务策划的事件？	https://haokan.baidu.com/v?vid=4784545618389439271	好看视频
铁血茶城：周公不是这个意思，美女阻止父亲喝酒，让沐剑晨自己喝	https://haokan.baidu.com/v?vid=6486370408540629412	好看视频
铁血茶城：美女看向沐剑晨，剑晨看到美女，相视一笑！	https://haokan.baidu.com/v?vid=7484495948833089022	好看视频
铁血茶城：铜锣寨的名声彻底被银殿山毁了，美女气不过，说出这话	https://haokan.baidu.com/v?vid=7902148815255945002	好看视频
铁血茶城：周公和沐剑晨连干三杯，众人劝导周公别喝，看着剑晨喝	https://haokan.baidu.com/v?vid=8371200209676792345	好看视频
铁血茶城：责任都在周公，沐剑晨不该怪罪谢书记，怪他！	https://haokan.baidu.com/v?vid=8511242335801889705	好看视频
铁血茶城：老人见过铁人，要求他们尽快除掉沐剑晨，要快！	https://haokan.baidu.com/v?vid=8983279796541794586	好看视频
铁血茶城 ?普通话?(2019)	http://v.duba.com/dianshi/28919.htm?&fr=duba&q=%E9%93%81%E8%A1%80%E8%8C%B6%E5%9F%8E	金山影视
"铁血茶城:小伙为劝美女回头,结果怼了美女一家子,这下搞笑了"	http://sa.sogou.com/sgsearch/sgs_video.php?docid=2dc324c9ba34abcef789cb2bb3b7b851	搜狗搜索
"铁血茶城:没想到县长是敌军奸细,特务被包围时,县长暗中相救"	http://sa.sogou.com/sgsearch/sgs_video.php?docid=4c960c9a99696ca6525035d3ea92ce38	搜狗搜索
铁血茶城:夫人为啥会上山当土匪?总头人让她嫁给一个残疾人!	http://sa.sogou.com/sgsearch/sgs_video.php?docid=5c1f236ddf6683a4fd371e9734d9d746	搜狗搜索
"铁血茶城:十九和哑巴果然是两条汉子,敢作敢当,自废左手!"	http://sa.sogou.com/sgsearch/sgs_video.php?docid=657b552794de3d6c56d5abeddfebe070	搜狗搜索
"铁血茶城:姑娘以为女土匪害死父亲,带着一把枪上山找土匪算账"	http://sa.sogou.com/sgsearch/sgs_video.php?docid=9094ec46f39191fa1db6f3e3260982a7	搜狗搜索
"铁血茶城:姑娘被土匪抓上山寨,这下可麻烦了"	http://sa.sogou.com/sgsearch/sgs_video.php?docid=e6ff7b15df79fdee5eb650e3a94f9116	搜狗搜索
"铁血茶城:土匪头子教唆手下往酒里下春药,向美女敬酒,好玩了"	http://sa.sogou.com/sgsearch/sgs_video.php?docid=sf_330320958482120704	搜狗搜索
铁血茶城：土匪头子让桂英踏踏实实待在银殿山，可以有粮食养她了	http://m.tv.sohu.com/v140620729.shtml	搜狐视频App
《铁血茶城》沐剑晨利用面粉爆炸，这是物理学外挂？	http://m.tv.sohu.com/v140844151.shtml	搜狐视频App
铁血茶城：土匪头子教唆手下往酒里下春药，向美女敬酒，好玩了	http://m.tv.sohu.com/v140928683.shtml	搜狐视频App
《铁血茶城》周培龙与特派员秘密对话，意味着即将会有大行动	http://m.tv.sohu.com/v141125333.shtml	搜狐视频App
"铁血茶城:姨太和特务勾搭在一起,这下被大老爷知道了,好戏上演"	http://v.qq.com/x/page/j08880hmxop.html	腾讯视频
"铁血茶城:土匪想伏击解放军,没想到解放军早有准备,土匪中计了"	https://m.v.qq.com/page/d/b/i/d0893kasfbi.html	腾讯视频
"铁血茶城:姑娘被土匪抓上山寨,这下可麻烦了"	https://m.v.qq.com/page/g/f/u/g0895574efu.html	腾讯视频
"铁血茶城:第二天就要动手了,他却做出这件事,美女要干掉同伙?"	https://m.v.qq.com/page/i/k/u/i08951pj8ku.html	腾讯视频
"铁血茶城:十九和哑巴果然是两条汉子,敢作敢当,自废左手!"	https://m.v.qq.com/page/k/3/f/k0893ytux3f.html	腾讯视频
"铁血茶城:敌军特务被解放军包围,为逃跑,挟持姑娘做人质"	https://m.v.qq.com/page/u/7/h/u08918a1z7h.html	腾讯视频
铁血茶城剧讲述了二十世纪五十年代初共产党领导下粉碎了敌人阴谋 娱乐	https://v.qq.com/detail/s/sdp001awx1ew799.html	腾讯视频
铁血茶城：姑娘以为女土匪害死父亲，带着一把枪上山找土匪算账	https://v.qq.com/x/page/b08953or09r.html	腾讯视频
铁血茶城：土匪头子追美女护士，不料追到死胡同，中了美女的伎俩	https://v.qq.com/x/page/b0895cb1kr6.html	腾讯视频
铁血茶城：团长打上茶城，打算把他们杀了，喂狗吃了！	https://v.qq.com/x/page/c0896cm9kki.html	腾讯视频
铁血茶城：姑娘被土匪抓上山寨，这下可麻烦了	https://v.qq.com/x/page/g0895574efu.html	腾讯视频
铁血茶城：夫人为啥会上山当土匪？总头人让她嫁给一个残疾人！	https://v.qq.com/x/page/h0894sq5um8.html	腾讯视频
铁血茶城：面前的这个人，竟是国民党第七军的军座，看不出来啊	https://v.qq.com/x/page/h0894wi6yw5.html	腾讯视频
铁血茶城：第二天就要动手了，他却做出这件事，美女要干掉同伙？	https://v.qq.com/x/page/i08951pj8ku.html	腾讯视频
铁血茶城：没想到县长是敌军奸细，特务被包围时，县长暗中相救	https://v.qq.com/x/page/j08946l47pi.html	腾讯视频
铁血茶城：十九和哑巴果然是两条汉子，敢作敢当，自废左手！	https://v.qq.com/x/page/k0893ytux3f.html	腾讯视频
铁血茶城：国军军长退隐后，没想到在街上被自己的部下一刀毙命	https://v.qq.com/x/page/l08913hgpn8.html	腾讯视频
铁血茶城：下人来报坏人的恶迹，周昭贵瞬间暴怒又瞬间停息	https://v.qq.com/x/page/n0895xbf1qi.html	腾讯视频
铁血茶城：发生了许多巧合，沐剑晨不得不怀疑周培龙的用意	https://v.qq.com/x/page/o0895m6fugx.html	腾讯视频
铁血茶城：姑娘轻信土匪头的话，下一秒就被反客为主	https://v.qq.com/x/page/p0893konjbx.html	腾讯视频
铁血茶城：小伙为劝美女回头，结果怼了美女一家子，这下搞笑了	https://v.qq.com/x/page/p0894pwigbm.html	腾讯视频
铁血茶城：国民党特务绑架了周公的女儿？国民党特务策划的事件？	https://v.qq.com/x/page/q0895ex7cq5.html	腾讯视频
铁血茶城：周公不相信沐剑晨是国民党的特务，周公交代特务身份？	https://v.qq.com/x/page/q0895xk1lqv.html	腾讯视频
铁血茶城：领导现在很怀疑沐剑晨，现在回城，说不定会被枪毙！	https://v.qq.com/x/page/r0894fqbiso.html	腾讯视频
铁血茶城：有了内奸的帮助，土匪头子带队一下子就打到城门口了	https://v.qq.com/x/page/t08917d7jpl.html	腾讯视频
铁血茶城：小伙为劝美女回头，结果怼了美女一家子，这下搞笑了	https://v.qq.com/x/page/t0892efpbkc.html	腾讯视频
铁血茶城：阵地被破，壮汉带队与土匪拼刺刀，战况惨烈	https://v.qq.com/x/page/t0895uleo14.html	腾讯视频
铁血茶城：男子要给小女孩打针，女孩父亲没见过西药，拼命阻拦	https://v.qq.com/x/page/v0891ms21zb.html	腾讯视频
铁血茶城：小伙眼看着父亲被土匪杀害，直接暴走冲了上去	https://v.qq.com/x/page/w0894nbbssz.html	腾讯视频
铁血茶城：沐剑晨独自喝了一杯酒，嘴角露出微笑，之后和美女散步	https://v.qq.com/x/page/x0895i2zj2y.html	腾讯视频
铁血茶城：老人见过铁人，要求他们尽快除掉沐剑晨，要快！	https://v.qq.com/x/page/y0895bf7mx8.html	腾讯视频
铁血茶城：美女心中难受，当着沐剑晨的面哭了，剑晨好暖心啊！	https://v.qq.com/x/page/y0896e6l2tz.html	腾讯视频
铁血茶城：土匪想伏击解放军，没想到解放军早有准备，土匪中计了	https://v.qq.com/x/page/z08951136w2.html	腾讯视频
铁血茶城：美女和老人家接头，第二天就要动手了，这时候出乱子？	https://v.qq.com/x/page/z08955i03zf.html	腾讯视频
铁血茶城：黄韵寒看明白了周福的用意，找借口拒绝了龙芷文	https://v.qq.com/x/page/z0895dq4aq7.html	腾讯视频
"铁血茶城:美女正更衣沐浴,土匪头子想要偷看,不料却被美女发现"	http://video.tudou.com/v/XNDI2NDM5MzAyOA==.html	土豆
铁血茶城电视剧全集大结局很幸福	http://video.tudou.com/v/XNDIxNzA1MjQ0MA==.html	土豆
铁血茶城全集第46集一切真相大白	https://video.tudou.com/v/XNDI0MTI5MzAyMA%3D%3D.html	土豆
铁血茶城电视剧遇到新的敌人	https://video.tudou.com/v/XNDIyNjM3NjA0MA%3D%3D.html	土豆
【#铁血茶城# #PP视频#全网独播】 真情互动!龙芷文@周奕彤babyfat?和沐剑晨@	http://video.weibo.com/show?fid=1034%3A4381949674887225	微博
"铁血茶城:美女被小伙拒绝后,深夜屋顶倒油纵火,这也太狠了吧"	http://www.ixigua.com/i6705234876351644174/	西瓜视频
"铁血茶城:酒桌上,陈癫子疯狂秀自己的仙人藤,太搞笑了"	http://www.ixigua.com/i6705263853673906695/	西瓜视频
"铁血茶城:刀疤男竟然把女寨主夫人打晕,气得寨主要杀人"	http://www.ixigua.com/i6707118524151628302/	西瓜视频
"铁血茶城:美女带孩子上土匪山认亲,不料给小伙带帽子的是他大哥"	http://v.youku.com/v_show/id_XNDI0NDMyMTgwMA==.html	优酷视频
"铁血茶城:美女竟然对连长有首长有情绪,原来是喜欢男医生"	http://v.youku.com/v_show/id_XNDI0NDMzMTIyMA==.html	优酷视频
"铁血茶城:土匪下山洗劫村庄,居然还用辣椒点火来放烟,太恶毒了"	http://v.youku.com/v_show/id_XNDI0NDMzMzQ1Ng==.html	优酷视频
"铁血茶城:土匪头子围攻村庄,不会使用望远镜,糗大了!"	http://v.youku.com/v_show/id_XNDI0NDMzNTI0NA==.html	优酷视频
《铁血茶城》没想到县长是敌军奸细，特务被包围时，县长暗中相救	http://v.youku.com/v_show/id_XNDI0ODgxMzg0OA==.html	优酷视频
《铁血茶城》敌军特务想在山寨搞破坏，没想到解放军早有准备	http://v.youku.com/v_show/id_XNDI1MjA4NzExNg==.html	优酷视频
"铁血茶城:有了内奸的帮助,土匪头子带队一下子就打到城门口了"	http://v.youku.com/v_show/id_XNDI2MTY2NjEyOA==.html	优酷视频
铁血茶城：美女正更衣沐浴，土匪头子想要偷看，不料却被美女发现	http://v.youku.com/v_show/id_XNDI2NDM5MzAyOA==.html	优酷视频
"铁血茶城:姨太和特务勾搭在一起,这下被大老爷知道了,好戏上演"	http://v.youku.com/v_show/id_XNDIzODk4MzE2OA==.html	优酷视频
"铁血茶城:三姨太正在梳妆,不料却传来一声枪响,顿时心慌了"	http://v.youku.com/v_show/id_XNDIzODk5NzgxMg%3D%3D.html	优酷视频
"铁血茶城:三姨太正在梳妆,不料却传来一声枪响,顿时心慌了"	http://v.youku.com/v_show/id_XNDIzODk5NzgxMg==.html	优酷视频
"铁血茶城:女土匪带着丫鬟下山,丫鬟一眼就认出县长是敌军特务"	http://v.youku.com/v_show/id_XNDIzOTU1NzM2MA%3D%3D.html	优酷视频
铁血茶城全集第45集盘桂英得知杀夫真相	https://v.youku.com/v_show/id_XNDI0MTI2NjE5Ng==.html	优酷视频
《铁血茶城》一场空城计!沐剑晨布阵制止哗变	https://v.youku.com/v_show/id_XNDI0MzY4NTEyOA==.html	优酷视频
《铁血茶城》盘桂英误会解放军	https://v.youku.com/v_show/id_XNDI0MzY5NTMwNA==	优酷视频
"铁血茶城:美女竟然对连长有首长有情绪,原来是喜欢男医生"	https://v.youku.com/v_show/id_XNDI0NDMzMTIyMA==.html	优酷视频
"《铁血茶城》缩头乌龟,眼睁睁看着自己的女人被土匪头子欺负都不管"	https://v.youku.com/v_show/id_XNDI0Njc5Mjg3Ng==	优酷视频
"《铁血茶城》周培龙与特派员秘密对话,意味着即将会有大行动"	https://v.youku.com/v_show/id_XNDI0NTI1OTE4NA==.html	优酷视频
《铁血茶城》黄癫子恼羞成怒欲杀钟毓麟	https://v.youku.com/v_show/id_XNDI0NTI2NDU5Mg==	优酷视频
"《铁血茶城》敌军特务被解放军包围,为逃跑,挟持姑娘做人质"	https://v.youku.com/v_show/id_XNDI1MjE5NzUyOA==	优酷视频
"铁血茶城:有了内奸的帮助,土匪头子带队一下子就打到城门口了"	https://v.youku.com/v_show/id_XNDI2MTY2NjEyOA==	优酷视频
"铁血茶城:有了内奸的帮助,土匪头子带队一下子就打到城门口了"	https://v.youku.com/v_show/id_XNDI2MTY2NjEyOA==.html	优酷视频
"铁血茶城:美女正更衣沐浴,土匪头子想要偷看,不料却被美女发现"	https://v.youku.com/v_show/id_XNDI2NDM5MzAyOA==	优酷视频
铁血茶城：美女正更衣沐浴，土匪头子想要偷看，不料却被美女发现	https://v.youku.com/v_show/id_XNDI2NDM5MzAyOA==.html	优酷视频
铁血茶城电视剧全集大结局	https://v.youku.com/v_show/id_XNDIxODM2NzM2MA%3D%3D.html	优酷视频
铁血茶城电视剧全集大结局很开心	https://v.youku.com/v_show/id_XNDIxOTQ2NTU4NA==.html	优酷视频
"铁血茶城:丫鬟伺候美女更衣沐浴,浴室香气环绕,这土匪头子哪里顶得住"	https://v.youku.com/v_show/id_XNDIyNDE0MDg5Mg==.html	优酷视频
铁血茶城电视剧遇到新的敌人	https://v.youku.com/v_show/id_XNDIyNjM3NjA0MA==	优酷视频
铁血茶城电视剧遇到新的敌人	https://v.youku.com/v_show/id_XNDIyNTY0NzU2OA==.html	优酷视频
铁血茶城电视剧全集大结局很幸福	https://v.youku.com/v_show/id_XNDIzNzI3MzIxNg%3D%3D.html	优酷视频
铁血茶城 抗日剧 :大漠枪神09	https://www.iqiyi.com/v_19rs0hdf5s.html	爱奇艺
铁血茶城 抗日剧 :大漠枪神02	https://www.iqiyi.com/v_19rs0hf51k.html	爱奇艺
铁血茶城1 看点: 甘士坚招待投降的国军	http://baishi.baidu.com/watch/04808467552616672621.html?page=videoMultiNeed	百度视频
铁血茶城8 看点：阿仁装成厨子在饭菜中下毒	http://baishi.baidu.com/watch/05134564852243051756.html?page=videoMultiNeed	百度视频
铁血茶城18 看点：周培龙带手下打猎见到钟毓麟	http://baishi.baidu.com/watch/7816967981909703503.html?page=videoMultiNeed	百度视频
《铁血茶城》诚意之作，磨剑而来，年代传奇战争大剧来袭！	http://www.bilibili.com/video/av54346695?from=search&seid=11308836216251173403	哔哩哔哩
《铁血茶城》诚意之作，磨剑而来，年代传奇战争大剧来袭！	http://www.bilibili.com/video/av54346695?from=search&seid=12613371270162251165	哔哩哔哩
《铁血茶城》诚意之作，磨剑而来，年代传奇战争大剧来袭！	http://www.bilibili.com/video/av54346695?from=search&seid=1308270976860855734	哔哩哔哩
《铁血茶城》诚意之作，磨剑而来，年代传奇战争大剧来袭！	http://www.bilibili.com/video/av54346695?from=search&seid=13139929239041652934	哔哩哔哩
《铁血茶城》诚意之作，磨剑而来，年代传奇战争大剧来袭！	http://www.bilibili.com/video/av54346695?from=search&seid=13350740612716831074	哔哩哔哩
《铁血茶城》诚意之作，磨剑而来，年代传奇战争大剧来袭！	http://www.bilibili.com/video/av54346695?from=search&seid=13546357250430545998	哔哩哔哩
《铁血茶城》诚意之作，磨剑而来，年代传奇战争大剧来袭！	http://www.bilibili.com/video/av54346695?from=search&seid=13660304122953853389	哔哩哔哩
《铁血茶城》诚意之作，磨剑而来，年代传奇战争大剧来袭！	http://www.bilibili.com/video/av54346695?from=search&seid=15704853370419908522	哔哩哔哩
《铁血茶城》诚意之作，磨剑而来，年代传奇战争大剧来袭！	http://www.bilibili.com/video/av54346695?from=search&seid=17825006719464957707	哔哩哔哩
《铁血茶城》诚意之作，磨剑而来，年代传奇战争大剧来袭！	http://www.bilibili.com/video/av54346695?from=search&seid=2633791028551962141	哔哩哔哩
《铁血茶城》诚意之作，磨剑而来，年代传奇战争大剧来袭！	http://www.bilibili.com/video/av54346695?from=search&seid=4505440956552515279	哔哩哔哩
《铁血茶城》诚意之作，磨剑而来，年代传奇战争大剧来袭！	http://www.bilibili.com/video/av54346695?from=search&seid=9538076899754980381	哔哩哔哩
《铁血茶城》诚意之作，磨剑而来，年代传奇战争大剧来袭！	http://www.bilibili.com/video/av54346695?from=search&seid=9544762189284205782	哔哩哔哩
《铁血茶城》诚意之作，磨剑而来，年代传奇战争大剧来袭！	http://www.bilibili.com/video/av54346695?from=search&seid=9896957486356088042	哔哩哔哩
"铁血茶城:有了内奸的帮助,土匪头子带队一下子就打到城门口了"	"https://sv.baidu.com/videoui/page/videoland?pd=bjh&context={%22nid%22:%2214881966879125440736%22,%22sourceFrom%22:%22bjh%22}&fr=bjhauthor&type=video"	好看视频
"铁血茶城:女土匪带着丫鬟下山,丫鬟一眼就认出县长是敌军特务"	"https://sv.baidu.com/videoui/page/videoland?pd=bjh&context={%22nid%22:%221695542358659062401%22,%22sourceFrom%22:%22bjh%22}&fr=bjhauthor&type=video"	好看视频
"铁血茶城:没想到女护士和县长都是敌军特务,一直潜伏在内部"	"https://sv.baidu.com/videoui/page/videoland?pd=bjh&context={%22nid%22:%221151803764447323676%22,%22sourceFrom%22:%22bjh%22}&fr=bjhauthor&type=video"	好看视频
铁血茶城1 看点: 甘士坚招待投降的国军	http://baishi.baidu.com/watch/04808467552616672621.html?page=videoMultiNeed_duba&fr=v.duba.com	金山影视
铁血茶城8 看点：阿仁装成厨子在饭菜中下毒	http://baishi.baidu.com/watch/05134564852243051756.html?page=videoMultiNeed_duba&fr=v.duba.com	金山影视
铁血茶城18 看点：周培龙带手下打猎见到钟毓麟	http://baishi.baidu.com/watch/7816967981909703503.html?page=videoMultiNeed_duba&fr=v.duba.com	金山影视
"铁血茶城:当官的人说话太累人,话中有话,一般人都听不懂"	http://sa.sogou.com/sgsearch/sgs_video.php?docid=19718g0448cS3L	搜狗搜索
"铁血茶城:国民党部队投诚后,却故意闹事,这下要出大麻烦了"	http://sa.sogou.com/sgsearch/sgs_video.php?docid=19718g044aytqx	搜狗搜索
"铁血茶城:副县长和男子见面就撂下一顿狠话,男子却一点不慌"	http://sa.sogou.com/sgsearch/sgs_video.php?docid=19718n042eLmym	搜狗搜索
"铁血茶城:男子对特务放松警惕,使其逃走,这下要被领导处分了"	http://sa.sogou.com/sgsearch/sgs_video.php?docid=19719b040r8bpW	搜狗搜索
"铁血茶城:女子挖开坟前土,意外发现一个盒子,立马竟是父亲的信"	http://sa.sogou.com/sgsearch/sgs_video.php?docid=19719i040ie4bY	搜狗搜索
"铁血茶城:军座打着麻将,一听参谋长带来的新消息,军座立马懵了"	http://sa.sogou.com/sgsearch/sgs_video.php?docid=19719i040myj2a	搜狗搜索
"铁血茶城:婆婆给男子说实话,男子让她帮个忙,只是给自己带个话"	http://sa.sogou.com/sgsearch/sgs_video.php?docid=19719i040sVC4E	搜狗搜索
"铁血茶城:美女带着孩子祭拜姐姐,战士却在坟前发现了异样"	http://sa.sogou.com/sgsearch/sgs_video.php?docid=19719i041jFfAe	搜狗搜索
"铁血茶城:美女一进入匪寨,就有数十把枪对着她,美女却毫不畏惧"	http://sa.sogou.com/sgsearch/sgs_video.php?docid=19719i041KAoam	搜狗搜索
"铁血茶城:男子背叛救命恩人,美女霸气怼男子不地道,英气逼人"	http://sa.sogou.com/sgsearch/sgs_video.php?docid=19719i042j06Ob	搜狗搜索
"铁血茶城:土匪开会要抢共产党的军用物资,却出现内部分歧"	http://sa.sogou.com/sgsearch/sgs_video.php?docid=19719i0431Lyqt	搜狗搜索
"铁血茶城:美女要替父亲报仇,这时姨太太很不满让她滚"	http://sa.sogou.com/sgsearch/sgs_video.php?docid=19719i043lWqgO	搜狗搜索
"铁血茶城:男子想尽快杀掉仇人,只要他一死,什么问题都迎刃而解"	http://sa.sogou.com/sgsearch/sgs_video.php?docid=1972000404pZIW	搜狗搜索
"铁血茶城:解放军统战工作取得重大成功,原因只是让大叔下了山"	http://sa.sogou.com/sgsearch/sgs_video.php?docid=197200040tDA5D	搜狗搜索
"铁血茶城:县长被特务用枪威胁,只能为特务办事,太惨了"	http://sa.sogou.com/sgsearch/sgs_video.php?docid=1972000439JqS0	搜狗搜索
"铁血茶城:男子觉得自己下山会自投罗网,女子却不以为然"	http://sa.sogou.com/sgsearch/sgs_video.php?docid=197200043WGn0L	搜狗搜索
"铁血茶城:美女为逃跑吵着要上厕所,不料被俩大汉跟着,这下惨了"	http://tv.sohu.com/v/dXMvMzM4OTE1NjEzLzEzNzYwNDM1NC5zaHRtbA==.html	搜狐视频
"铁血茶城:小伙为报杀父之仇,拿热碳自毁容貌和声音,太狠了"	https://tv.sohu.com/v/dXMvMzM4OTE1NzAzLzEzNzk5NTA4OC5zaHRtbA%3D%3D.html	搜狐视频
"铁血茶城:女护士一枪命中特务的心脏,排长怀疑她有问题"	http://v.qq.com/x/page/z0890uk4vq7.html	腾讯视频
"铁血茶城:中年男子为家乡做贡献,劝降国民党残部,大功一件啊"	https://m.v.qq.com/page/a/0/v/a0900xawfqv.html	腾讯视频
"铁血茶城:小伙想让男子做军长,可惜他不愿意,小伙也没办法"	https://m.v.qq.com/page/a/1/6/a0901dt7816.html	腾讯视频
"铁血茶城:男子一听解放军要收枪,顿时就不干了,谁敢收他的枪"	https://m.v.qq.com/page/a/q/r/a0900xnf4qr.html	腾讯视频
"铁血茶城:新中国成立,人们生活都更加精彩,这就是新中国的魅力"	https://m.v.qq.com/page/b/0/g/b090120hi3g.html	腾讯视频
"铁血茶城:县里最大的官发话,说不烧房子就不烧,好房子为什么烧"	https://m.v.qq.com/page/b/s/c/b090103yzsc.html	腾讯视频
"铁血茶城:双喜用计捉住了土匪老九,逼他说出二十两黄金"	https://m.v.qq.com/page/d/c/3/d0903v04bc3.html	腾讯视频
"铁血茶城:女子被押到看守所,男子看不下去了,要和县长聊一聊"	https://m.v.qq.com/page/h/o/7/h09014vwvo7.html	腾讯视频
"铁血茶城:副县长和男子见面就撂下一顿狠话,男子却一点不慌"	https://m.v.qq.com/page/j/0/y/j0900e1aepy.html	腾讯视频
"铁血茶城:黑衣人说了一句话,男子一听十分激动连忙问东西在那?"	https://m.v.qq.com/page/j/w/n/j0901swbnwn.html	腾讯视频
"铁血茶城:女子格局太小,只知道眼前一片,却不知男子有更大布局"	https://m.v.qq.com/page/l/e/l/l0900qgezel.html	腾讯视频
"铁血茶城:当官的人说话太累人,话中有话,一般人都听不懂"	https://m.v.qq.com/page/m/0/2/m0900slsb72.html	腾讯视频
"铁血茶城:小伙背叛了大哥,大哥很是痛心,一枪就毙了他"	https://m.v.qq.com/page/m/0/u/m0901u0ko0u.html	腾讯视频
"铁血茶城:美女鞭子耍的好,轻轻一甩,就将人甩在自己脚下"	https://m.v.qq.com/page/m/b/v/m0901mwu5bv.html	腾讯视频
"铁血茶城:男子觉得自己下山会自投罗网,女子却不以为然"	https://m.v.qq.com/page/m/i/j/m09016cg3ij.html	腾讯视频
"铁血茶城:美女想要说出实情,结果被男子各种阻拦,美女不乐意了"	https://m.v.qq.com/page/o/0/1/o0901xawxy1.html	腾讯视频
"铁血茶城:双喜用计捉住了土匪老九,逼他说出二十两黄金"	https://m.v.qq.com/page/o/m/f/o0901s1nxmf.html	腾讯视频
"铁血茶城:男子想尽快杀掉仇人,只要他一死,什么问题都迎刃而解"	https://m.v.qq.com/page/o/y/r/o0901ygtoyr.html	腾讯视频
"铁血茶城:国民党部队已经穷途末路,打算靠抢劫为生,这也太丢人"	https://m.v.qq.com/page/p/5/s/p09001o305s.html	腾讯视频
"铁血茶城:小伙绕来绕去,就是想让男子去杀人,这男子并不傻"	https://m.v.qq.com/page/q/g/r/q0901je2kgr.html	腾讯视频
"铁血茶城:特派员神神秘秘,摔了一跤,小臂都受伤了"	https://m.v.qq.com/page/s/m/8/s090141qdm8.html	腾讯视频
"铁血茶城:男子一听解放军要收枪,顿时就不干了,谁敢收他的枪"	https://m.v.qq.com/page/u/l/m/u09000ucylm.html	腾讯视频
"铁血茶城:男女两人被土匪抓住了,还在秀恩爱,这谁受得了"	https://m.v.qq.com/page/v/0/o/v09004l77eo.html	腾讯视频
"铁血茶城:美女来到山寨复仇,得知真相后,却选择要留在下来"	https://m.v.qq.com/page/x/0/v/x09013q7asv.html	腾讯视频
铁血茶城：解放军来抓男子，管家赶紧送男子离开，不然就晚了	https://v.qq.com/x/page/a0900dh6cct.html	腾讯视频
"铁血茶城:男子拥有银殿山地形图,这下土匪慌了,赶紧找人研究"	https://v.qq.com/x/page/a0900s44h8r.html	腾讯视频
铁血茶城：中年男子为家乡做贡献，劝降国民党残部，大功一件啊	https://v.qq.com/x/page/a0900xawfqv.html	腾讯视频
铁血茶城：男子一听解放军要收枪，顿时就不干了，谁敢收他的枪	https://v.qq.com/x/page/a0900xnf4qr.html	腾讯视频
铁血茶城：小伙打牌不好好打，一直在拍马屁，男子气坏了	https://v.qq.com/x/page/a090106wms6.html	腾讯视频
铁血茶城：连长挨家挨户搜查，推开男子的房门，男子竟在睡觉	https://v.qq.com/x/page/a09013hlum9.html	腾讯视频
铁血茶城：小伙想让男子做军长，可惜他不愿意，小伙也没办法	https://v.qq.com/x/page/a0901dt7816.html	腾讯视频
铁血茶城：男子是国民党特务，身份却泄露了，男子这下彻底的慌了	https://v.qq.com/x/page/a0901g7xxxa.html	腾讯视频
铁血茶城：美女开心的跑下山，看着共产党思索片刻，却又往回跑	https://v.qq.com/x/page/a0901o77u28.html	腾讯视频
"铁血茶城:县里最大的官发话,说不烧房子就不烧,好房子为什么烧"	https://v.qq.com/x/page/b090103yzsc.html	腾讯视频
铁血茶城：新中国成立，人们生活都更加精彩，这就是新中国的魅力	https://v.qq.com/x/page/b090120hi3g.html	腾讯视频
铁血茶城：寨主动了胎气，好在寨主身体素质好，没有流血的症状	https://v.qq.com/x/page/b0901elfygo.html	腾讯视频
"铁血茶城:县长怀疑敌人设计好圈套,男子让他别急,县长不乐意了"	https://v.qq.com/x/page/b0901svnf9m.html	腾讯视频
铁血茶城：小伙想让男子做军长，可惜他不愿意，小伙也没办法	https://v.qq.com/x/page/c090140ggtn.html	腾讯视频
铁血茶城：美女被掳走，由于双方力量悬殊，流下了绝望的眼泪	https://v.qq.com/x/page/c0901ekfb3j.html	腾讯视频
铁血茶城：老头越狱想带着牢里的小伙，小伙却一直盯旁边男子的刀	https://v.qq.com/x/page/c0901hpwpk8.html	腾讯视频
铁血茶城：共产党打天下，靠的是馒头和粥，饭味一飘敌人就投降了	https://v.qq.com/x/page/d0900st6dtv.html	腾讯视频
铁血茶城：军座受到手下挑唆，打算见不到女儿，就要血洗村庄	https://v.qq.com/x/page/d0901wbdxtl.html	腾讯视频
铁血茶城：双喜用计捉住了土匪老九，逼他说出二十两黄金	https://v.qq.com/x/page/d0903v04bc3.html	腾讯视频
铁血茶城：女子把父亲赶到山上，不能陪自己去扫墓，女子很伤心	https://v.qq.com/x/page/e09010vyzhq.html	腾讯视频
铁血茶城：美女亲自给小伙送饭，自己却不言不语，小伙担心了	https://v.qq.com/x/page/e0901a72nyk.html	腾讯视频
"铁血茶城:男子在老伯的坟前和他说话,说他已经不是土匪了"	https://v.qq.com/x/page/e0901e1p8wt.html	腾讯视频
"铁血茶城:小伙被人误会被群众压着见领导,却当街大打了起来"	https://v.qq.com/x/page/e0901ebhahm.html	腾讯视频
铁血茶城：男子想要弄死老头子，一旁的美女直接听懵了	https://v.qq.com/x/page/e0901j780ip.html	腾讯视频
铁血茶城：敌人大费周章劫持沐剑晨，上级十分不理解这样做的目的	https://v.qq.com/x/page/e0901k5086h.html	腾讯视频
"铁血茶城:小伙把共党的消息告诉国民党,还要搞出一个大的动静"	https://v.qq.com/x/page/e0901m88859.html	腾讯视频
铁血茶城：小伙给守卫毒酒喝，自己喝却没事，守卫喝了直接倒了	https://v.qq.com/x/page/e0901uzg4sy.html	腾讯视频
铁血茶城:丫鬟问夫人:要把她点天灯吗?夫人却没说一句话	https://v.qq.com/x/page/f09011rfj6v.html	腾讯视频
铁血茶城：美女要替父亲报仇，这时姨太太很不满让她滚	https://v.qq.com/x/page/f09015cgrh2.html	腾讯视频
铁血茶城：解放军把大小姐交给土匪，让他保证平安带她上山	https://v.qq.com/x/page/f0901covc7e.html	腾讯视频
铁血茶城：一大队的解放军围剿特务，特务一个人还跑掉了	https://v.qq.com/x/page/f0901jc8pfi.html	腾讯视频
铁血茶城：男子是戴罪之身，只有为政府做些事，自己才会安心	https://v.qq.com/x/page/f0901sp59an.html	腾讯视频
铁血茶城：国民党部队投诚后，却故意闹事，这下要出大麻烦了	https://v.qq.com/x/page/g09008n0s92.html	腾讯视频
"铁血茶城:女子格局太小,只知道眼前一片,却不知男子有更大布局"	https://v.qq.com/x/page/g0900yr6vv6.html	腾讯视频
"铁血茶城:小伙打牌不好好打,一直在拍马屁,男子气坏了"	https://v.qq.com/x/page/g09010s0x4a.html	腾讯视频
铁血茶城：解放军在女子房间搜到毒糖果，怀疑女子在害人	https://v.qq.com/x/page/g0901pjpif4.html	腾讯视频
"铁血茶城:一大队的解放军围剿特务,特务一个人还跑掉了"	https://v.qq.com/x/page/g0901ukasdh.html	腾讯视频
铁血茶城：男子答应捐粮却没有捐，县长直接上门，男子却一点不慌	https://v.qq.com/x/page/h09000gmr53.html	腾讯视频
铁血茶城：国民党部队准备闹事，男子想出奇招，两个人镇压了叛乱	https://v.qq.com/x/page/h0900ga4gzc.html	腾讯视频
铁血茶城：男子拥有银殿山地形图，这下土匪慌了，赶紧找人研究	https://v.qq.com/x/page/h0900pbz73e.html	腾讯视频
铁血茶城：女子被押到看守所，男子看不下去了，要和县长聊一聊	https://v.qq.com/x/page/h09014vwvo7.html	腾讯视频
"铁血茶城:参加土匪暴乱的人,都是被挟持上山的,男子要打击他们"	https://v.qq.com/x/page/h090192jiwp.html	腾讯视频
铁血茶城：男子想带三姨太走，结果被人拿枪威胁，男子怒了	https://v.qq.com/x/page/h0901b24bir.html	腾讯视频
"铁血茶城:小伙在房间捡到麻将,立马明白问题,派人赶紧去追"	https://v.qq.com/x/page/h0901hldp7s.html	腾讯视频
铁血茶城：父亲是没有去救男子，不想因为女儿的小事坏了自己大事	https://v.qq.com/x/page/i09003brj9j.html	腾讯视频
"铁血茶城:男子拿枪指着女子,还把女子打晕了,这也太过分"	https://v.qq.com/x/page/i0900txc26l.html	腾讯视频
铁血茶城：小伙背叛了大哥，大哥很是痛心，一枪就毙了他	https://v.qq.com/x/page/i09011u7krl.html	腾讯视频
铁血茶城：特务用飞刀袭击女子，谁料一鞭子甩来，飞刀被打飞	https://v.qq.com/x/page/i0901kgnnyz.html	腾讯视频
"铁血茶城:男子觉得把山给打下来,顺理成章再收周公的枪"	https://v.qq.com/x/page/i0901lrpw8x.html	腾讯视频
"铁血茶城:男子找土匪帮忙,让他带着自己上山,只是去送封信"	https://v.qq.com/x/page/i0901pbs9xq.html	腾讯视频
"铁血茶城:茶城出现神秘势力,火力太凶猛,让解放军领导都担心"	https://v.qq.com/x/page/i0901qqybda.html	腾讯视频
"铁血茶城:土匪当着所有弟兄的面大吼,美女看着他的模样十分嫌弃"	https://v.qq.com/x/page/i0901sp3zt0.html	腾讯视频
"铁血茶城:副县长和男子见面就撂下一顿狠话,男子却一点不慌"	https://v.qq.com/x/page/j0900e1aepy.html	腾讯视频
铁血茶城：美女身上冷飕飕的，帅哥抱着美女，给她温暖，真暖心	https://v.qq.com/x/page/j0901dha22o.html	腾讯视频
铁血茶城：黑衣人说了一句话，男子一听十分激动连忙问东西在那？	https://v.qq.com/x/page/j0901swbnwn.html	腾讯视频
铁血茶城：特务演技太好，故意引导男子思路，真是太危险	https://v.qq.com/x/page/k0900eoomm8.html	腾讯视频
铁血茶城：小伙实在太心狠，为了自己逃命，竟把手下的人当炮灰	https://v.qq.com/x/page/k09017o73ub.html	腾讯视频
"铁血茶城:小伙子拿着火烛来到地道,原来是和男子接头谋划"	https://v.qq.com/x/page/k0901fdxmfv.html	腾讯视频
铁血茶城：女子格局太小，只知道眼前一片，却不知男子有更大布局	https://v.qq.com/x/page/l0900qgezel.html	腾讯视频
铁血茶城：男子被当成特务，绑在大树上，百姓竟然动用私刑	https://v.qq.com/x/page/l0900v7ic18.html	腾讯视频
铁血茶城：男子说山是自己的，几人不同意要毙了他，军座大激怒	https://v.qq.com/x/page/l0901hjky7e.html	腾讯视频
铁血茶城：干部模样的人，手持短枪杀了人，引起长官重视	https://v.qq.com/x/page/l0901qynarv.html	腾讯视频
铁血茶城：美女听到青梅竹马杀了好友，一脸的懵，简直不敢相信	https://v.qq.com/x/page/l0901ucdzhm.html	腾讯视频
铁血茶城：当官的人说话太累人，话中有话，一般人都听不懂	https://v.qq.com/x/page/m0900slsb72.html	腾讯视频
铁血茶城：男子觉得自己下山会自投罗网，女子却不以为然	https://v.qq.com/x/page/m09016cg3ij.html	腾讯视频
"铁血茶城:美女为父报仇前来投奔父亲的部下,要带领他们报仇"	https://v.qq.com/x/page/m09017jhqk1.html	腾讯视频
铁血茶城：美女鞭子耍的好，轻轻一甩，就将人甩在自己脚下	https://v.qq.com/x/page/m0901mwu5bv.html	腾讯视频
铁血茶城：男女孤军奋战，在敌后待的时间太久，形势突然大好起来	https://v.qq.com/x/page/m0901ttqcjj.html	腾讯视频
铁血茶城：小伙背叛了大哥，大哥很是痛心，一枪就毙了他	https://v.qq.com/x/page/m0901u0ko0u.html	腾讯视频
铁血茶城：土匪下山抢劫，村民这下倒霉了，死伤太惨重	https://v.qq.com/x/page/n09008dyob4.html	腾讯视频
铁血茶城：共产党要收男子的枪，男子瞬间暴怒，这给谁受得了	https://v.qq.com/x/page/n0900phkw29.html	腾讯视频
铁血茶城：黑衣人和男子比赛蒙眼睛，黑衣人输了却要沐医生买单	https://v.qq.com/x/page/n0901hi9w1l.html	腾讯视频
铁血茶城：男子拿枪指着女子，还把女子打晕了，这也太过分	https://v.qq.com/x/page/o0900qdid5o.html	腾讯视频
铁血茶城：男子去土匪窝营救女子，把自己搭上了，这也太废物	https://v.qq.com/x/page/o0900rqarku.html	腾讯视频
铁血茶城：美女嫌弃男子没有男人味，好友却怼的美女说不出话来	https://v.qq.com/x/page/o090177un1j.html	腾讯视频
"铁血茶城:女子怀孕不好好养身子,看到男子糟蹋人,立马去制止"	https://v.qq.com/x/page/o0901ie50k0.html	腾讯视频
"铁血茶城:县长救了大叔,大叔十分感激,尽心尽力为党工作"	https://v.qq.com/x/page/o0901ly3d9r.html	腾讯视频
"铁血茶城:县长身为一县之长,小事也要陪着人一起去"	https://v.qq.com/x/page/o0901oam6n6.html	腾讯视频
铁血茶城：小伙在房间捡到麻将，立马明白问题，派人赶紧去追	https://v.qq.com/x/page/o0901p3cdmf.html	腾讯视频
"铁血茶城:双喜用计捉住了土匪老九,逼他说出二十两黄金"	https://v.qq.com/x/page/o0901s1nxmf.html	腾讯视频
"铁血茶城:美女想要说出实情,结果被男子各种阻拦,美女不乐意了"	https://v.qq.com/x/page/o0901xawxy1.html	腾讯视频
铁血茶城：男子想尽快杀掉仇人，只要他一死，什么问题都迎刃而解	https://v.qq.com/x/page/o0901ygtoyr.html	腾讯视频
铁血茶城：国民党部队已经穷途末路，打算靠抢劫为生，这也太丢人	https://v.qq.com/x/page/p09001o305s.html	腾讯视频
"铁血茶城:解放军和百姓闹起了矛盾,男子赶紧阻止,防止事情闹大"	https://v.qq.com/x/page/p09009j44lm.html	腾讯视频
铁血茶城：领导不愿意救男子，女子绝望了，突然想起父亲可以帮忙	https://v.qq.com/x/page/p0900u7zh4a.html	腾讯视频
铁血茶城：女子挖开坟前土，意外发现一个盒子，立马竟是父亲的信	https://v.qq.com/x/page/p0901cmvqr9.html	腾讯视频
铁血茶城：解放军战士进村里走动，老百姓见状就跑，战士们一脸懵	https://v.qq.com/x/page/p0901eu7xrg.html	腾讯视频
"铁血茶城:县长被特务挟持,战士们都不敢射击,怕伤了县长"	https://v.qq.com/x/page/p0901k25mge.html	腾讯视频
铁血茶城：小伙掩护大小姐上山，谁料有刺客突袭，守卫都被杀了	https://v.qq.com/x/page/p0901noyceq.html	腾讯视频
铁血茶城：男子用他换取女子下山，女子一定要去救他，不然心不安	https://v.qq.com/x/page/q09001gry33.html	腾讯视频
铁血茶城：解放军来抓男子，没想到男子就站在门口，一点都不慌张	https://v.qq.com/x/page/q09009jljoc.html	腾讯视频
铁血茶城：男子去土匪窝营救女子，把自己搭上了，这也太废物	https://v.qq.com/x/page/q0900isxyqs.html	腾讯视频
铁血茶城：男子用一本书就能判断土匪的病因，这医术真够高超的	https://v.qq.com/x/page/q0901alfdmi.html	腾讯视频
"铁血茶城:小伙绕来绕去,就是想让男子去杀人,这男子并不傻"	https://v.qq.com/x/page/q0901je2kgr.html	腾讯视频
铁血茶城：男子是国民党特务，却把性命交给女子，两人太信任	https://v.qq.com/x/page/q0901ya1dd9.html	腾讯视频
铁血茶城：土匪自称是山里的王，结果被其他人开枪威胁，土匪慌了	https://v.qq.com/x/page/q0901yoi2zl.html	腾讯视频
铁血茶城：男子洗手太慢，被同志嘲讽像女人，女子顿时不乐意了	https://v.qq.com/x/page/r0900wsbvp7.html	腾讯视频
铁血茶城：男子太小心眼，医生用了一支药，男子却在领导面前告状	https://v.qq.com/x/page/r0900zqfbet.html	腾讯视频
铁血茶城：男子想要娶土匪的女儿，并取得土匪的同意，真是不得了	https://v.qq.com/x/page/r09015et2wd.html	腾讯视频
铁血茶城：小伙兄弟被人杀死，一听到凶手是个当官的，小伙懵了	https://v.qq.com/x/page/r0901fsbhyl.html	腾讯视频
"铁血茶城:投降的土匪都说男子投降不是真心,搞不好还会杀上山"	https://v.qq.com/x/page/r0901goqju8.html	腾讯视频
铁血茶城：男子受伤离开队伍，排长要毙了他，却被女子给拦下了	https://v.qq.com/x/page/r0901p4kpkn.html	腾讯视频
铁血茶城：男子太邪恶，女儿有危险，竟然想出这样惩罚敌人的办法	https://v.qq.com/x/page/s0900kuayby.html	腾讯视频
"铁血茶城:寨主想放两人走,男子不乐意,还想要绑他们"	https://v.qq.com/x/page/s09011u56dx.html	腾讯视频
铁血茶城：特派员神神秘秘，摔了一跤，小臂都受伤了	https://v.qq.com/x/page/s090141qdm8.html	腾讯视频
"铁血茶城:美女带着孩子祭拜姐姐,战士却在坟前发现了异样"	https://v.qq.com/x/page/s09014jxdq9.html	腾讯视频
铁血茶城：女子不信男子是特务，事实总是指向他，这让女子太纠结	https://v.qq.com/x/page/s09015qbz7z.html	腾讯视频
铁血茶城：俩人逃跑下山，结果被人发现，俩人最终没逃出去	https://v.qq.com/x/page/s0901eeg4tx.html	腾讯视频
"铁血茶城:女子想要男子投靠她,如果不行就干掉,女子实在太狠"	https://v.qq.com/x/page/s0901hvi9vl.html	腾讯视频
"铁血茶城:美女和心爱的人终于相见,俩人紧紧相拥在一起"	https://v.qq.com/x/page/s0901l26w6m.html	腾讯视频
铁血茶城：国民党军长被人围殴，被突然出现的男子用刀捅死	https://v.qq.com/x/page/s0901qghjvo.html	腾讯视频
"铁血茶城:解放军在一起开会,上级却一直盯着下属的水杯看"	https://v.qq.com/x/page/s0901qygjeu.html	腾讯视频
"铁血茶城:军座想要天黑下山,女子说天黑害怕,有人护送怕什么"	https://v.qq.com/x/page/s0901racuz5.html	腾讯视频
"铁血茶城:解放军行动失败,把失败的原因推到男子的身上"	https://v.qq.com/x/page/s0901wmwjab.html	腾讯视频
"铁血茶城:情义男子被诬陷成特务,为不连累他人,等解放军来抓他"	https://v.qq.com/x/page/t09000176kd.html	腾讯视频
铁血茶城：副县长教育同志，说话太冲，下次谁敢阻拦就干掉谁	https://v.qq.com/x/page/t09006isp01.html	腾讯视频
铁血茶城：情义男子被诬陷成特务，为不连累他人，等解放军来抓他	https://v.qq.com/x/page/t09006vv7xt.html	腾讯视频
铁血茶城：男子重伤躺在女子房间，还要和领导汇报情报，太敬业	https://v.qq.com/x/page/t09015s0ctx.html	腾讯视频
铁血茶城：土匪想伏击解放军，没想到解放军早有准备，土匪中计了	https://v.qq.com/x/page/t0901lqyg47.html	腾讯视频
铁血茶城：老头带着一群解放军去他家，不料土匪已经逃跑了	https://v.qq.com/x/page/t0901mddux4.html	腾讯视频
"铁血茶城:小伙当着上级的面怀疑上级的领导,上级却要证据"	https://v.qq.com/x/page/t0901omyoqt.html	腾讯视频
铁血茶城：男子背叛救命恩人，美女霸气怼男子不地道，英气逼人	https://v.qq.com/x/page/t0901t4j4iw.html	腾讯视频
铁血茶城：土匪中弹带伤逃跑，共产党还在搜山，却没有搜到任何人	https://v.qq.com/x/page/t0901wk7f1j.html	腾讯视频
铁血茶城：小伙给守卫毒酒喝，自己喝却没事，守卫喝了直接倒了	https://v.qq.com/x/page/t0901znkrcd.html	腾讯视频
铁血茶城：男子一听解放军要收枪，顿时就不干了，谁敢收他的枪	https://v.qq.com/x/page/u09000ucylm.html	腾讯视频
铁血茶城：女儿和共产党去打游击，把名字都改了，这是六亲不认啊	https://v.qq.com/x/page/u0900jl7h10.html	腾讯视频
铁血茶城：解放军不管别人当没当土匪，都不会杀戮，更不会烧房子	https://v.qq.com/x/page/u09015kf0dl.html	腾讯视频
"铁血茶城:解放军统战工作取得重大成功,原因只是让大叔下了山"	https://v.qq.com/x/page/u09015mzisy.html	腾讯视频
铁血茶城：小伙兄弟被人杀死，一听到凶手是个当官的，小伙懵了	https://v.qq.com/x/page/u0901hho333.html	腾讯视频
"铁血茶城:解放军男子被绑票,绑匪还好吃供着,这生活太惬意"	https://v.qq.com/x/page/u0901mjglke.html	腾讯视频
铁血茶城：土匪两家突然内讧，头头见他们人多，当场认怂	https://v.qq.com/x/page/u0901zss3iu.html	腾讯视频
"铁血茶城:男女两人被土匪抓住了,还在秀恩爱,这谁受得了"	https://v.qq.com/x/page/v09004l77eo.html	腾讯视频
铁血茶城：男子去救人，特务准备干掉男子，却被女子给打搅了	https://v.qq.com/x/page/v0900dg7v8x.html	腾讯视频
铁血茶城：男子和地主们比耐心，男子眼看比不过，准备再出损招	https://v.qq.com/x/page/v0900vkojns.html	腾讯视频
"铁血茶城:美女一进入匪寨,就有数十把枪对着她,美女却毫不畏惧"	https://v.qq.com/x/page/v0901aporx4.html	腾讯视频
铁血茶城：男子看着美女被大汉扛走，却无动于衷，太让人寒心了	https://v.qq.com/x/page/v0901hxr3bf.html	腾讯视频
铁血茶城：男子给解放军捐粮，竟得了一朵大红花，男子坚决不要	https://v.qq.com/x/page/v0901uvfspe.html	腾讯视频
铁血茶城：男子让女子把信交给书记，还要告诉他想法，让书记安排	https://v.qq.com/x/page/v0901yg35fc.html	腾讯视频
铁血茶城：国民党特务发生内讧，男子竟然打不过柔弱女子，太废物	https://v.qq.com/x/page/w0900chkdeh.html	腾讯视频
铁血茶城：美女独闯匪寨，得知真相原来是个圈套，大哭了起来	https://v.qq.com/x/page/w0901c0jx6a.html	腾讯视频
铁血茶城：军座要下山，手下最后一次向军座敬礼，让他多保重	https://v.qq.com/x/page/w0901f4ulij.html	腾讯视频
铁血茶城：小伙绕来绕去，就是想让男子去杀人，这男子并不傻	https://v.qq.com/x/page/w0901ld5p7r.html	腾讯视频
铁血茶城：美女被人打晕醒来，看到共产党打扫战场，喜极而泣	https://v.qq.com/x/page/w0901s43yyi.html	腾讯视频
铁血茶城：特务演技太好，故意引导男子思路，真是太危险	https://v.qq.com/x/page/x0900r07ql0.html	腾讯视频
铁血茶城：医生要给男子伤口用药，排长不乐意了，还威胁医生	https://v.qq.com/x/page/x0900wwj94q.html	腾讯视频
铁血茶城：县长被特务用枪威胁，只能为特务办事，太惨了	https://v.qq.com/x/page/x090115iyat.html	腾讯视频
铁血茶城：美女来到山寨复仇，得知真相后，却选择要留在下来	https://v.qq.com/x/page/x09013q7asv.html	腾讯视频
铁血茶城：美女被人欺负，前去求助男子，男子却选择不去救她	https://v.qq.com/x/page/x0901c9nrh6.html	腾讯视频
铁血茶城：军座临走前将指挥权交给小伙，小伙当场就处决了叛徒	https://v.qq.com/x/page/x0901v4t3ac.html	腾讯视频
铁血茶城：团长长得像条汉子，在小伙看来，明明像个娘们	https://v.qq.com/x/page/x0901vphqw6.html	腾讯视频
"铁血茶城:美女上了山,土匪称她是用过的抹布,用过就扔了"	https://v.qq.com/x/page/y0901lscuxe.html	腾讯视频
铁血茶城：美女怀着身孕打麻将，陪着他们打到天亮，太拼了	https://v.qq.com/x/page/y0901qv3qyi.html	腾讯视频
铁血茶城：土匪放人的手法太强硬，拿枪射绳子，把人质摔坏了	https://v.qq.com/x/page/y0901tagwww.html	腾讯视频
铁血茶城：七年夫妻之情，在大难时却各自飞，老爷很是感慨	https://v.qq.com/x/page/y0901zegsuf.html	腾讯视频
铁血茶城：特务又想出奸计，想要试探周公，以公谋私	https://v.qq.com/x/page/z0900bltmgq.html	腾讯视频
铁血茶城：书记的突然到来，让大叔手下慌的拔枪，还好被大叔制止	https://v.qq.com/x/page/z09015owop6.html	腾讯视频
"铁血茶城:小龙提议去见石牌头人,男子却在思考以什么身份去见"	https://v.qq.com/x/page/z09017qezx5.html	腾讯视频
"铁血茶城:领导怀疑美女是间谍,却反被美女怀疑动机不纯"	https://v.qq.com/x/page/z09019k75ql.html	腾讯视频
"铁血茶城:婆婆给男子说实话,男子让她帮个忙,只是给自己带个话"	https://v.qq.com/x/page/z0901ee50fm.html	腾讯视频
"铁血茶城:大哥一直觉得男子阴阳怪气,谁料他竟为了自己舍生忘死"	https://v.qq.com/x/page/z0901j5wie5.html	腾讯视频
铁血茶城：解放军摸到山寨，不料土匪早已人走楼空，白忙活一场	https://v.qq.com/x/page/z0901momv4k.html	腾讯视频
"铁血茶城:美军在朝鲜登陆,战争一触即发,男子终于等到这一天了"	https://v.qq.com/x/page/z0901sod4vv.html	腾讯视频
铁血茶城：组织精心安排，让同志派专人负责二十四小时保护大叔	https://v.qq.com/x/page/z0901t0wpqe.html	腾讯视频
"#铁血茶城#周福找来称周培龙快不行了,让龙芷文赶紧回去"	http://weibo.com/tv/v/HDX3muvGF?fid=1034:4395197652785298	微博
铁血茶城：陈斯民腿要被截肢，气急拴住护士，沐剑晨霸气打破僵局	https://www.ixigua.com/i6715923314952372740/	西瓜视频
"铁血茶城:军队上山突袭土匪,不料一个鞭炮声吓得军队立马慌了"	http://www.ixigua.com/i6705612243565806088/	西瓜视频
"铁血茶城:陈斯民腿要被截肢,气急拴住护士,沐剑晨霸气打破僵局"	http://www.ixigua.com/i6715923314952372740/	西瓜视频
"铁血茶城:姑娘去山上打野味,没想到发现了敌军特务"	http://www.ixigua.com/i6717057545724248583/	西瓜视频
"铁血茶城:这帮土匪太能玩,竟然用这招赌输赢!"	http://v.youku.com/v_show/id_XNDI0NDMyOTE4MA==.html	优酷视频
"《铁血茶城》周培龙与特派员秘密对话,意味着即将会有大行动"	http://v.youku.com/v_show/id_XNDI0NTI1OTE4NA%3D%3D.html	优酷视频
"铁血茶城:有人假借他人手下毒,连副县长都有可能?"	http://v.youku.com/v_show/id_XNDI2OTYyMjE4MA%3D%3D.html	优酷视频
"铁血茶城:土匪头子教唆手下往酒里下药,再向向美女敬酒"	http://v.youku.com/v_show/id_XNDI3OTA2MDQyOA==.html	优酷视频
铁血茶城：抗战时期，沐剑晨却穿了一件皮夹克，陶大雷不干了	http://v.youku.com/v_show/id_XNDI4MzA1OTIzMg==.html	优酷视频
铁血茶城全集第37集陈癜子劫持沐剑晨和龙芷文	http://v.youku.com/v_show/id_XNDIzNTcxMDUzNg%3D%3D.html	优酷视频
铁血茶城全集第39集陈癜子射杀周培龙	http://v.youku.com/v_show/id_XNDIzNzExNzk1Ng%3D%3D.html	优酷视频
"铁血茶城:老爷知道粮食被土匪抢走气的不行,很是担心大小姐安危"	http://v.youku.com/v_show/id_XNDIzODk5MjU2NA==.html	优酷视频
铁血茶城全集第46集一切真相大白	https://v.youku.com/v_show/id_XNDI0MTI5MzAyMA%3D%3D.html	优酷视频
"铁血茶城:小伙为报杀父之仇,拿热碳自毁容貌和声音!"	https://v.youku.com/v_show/id_XNDI0NDMyNjY2MA==.html	优酷视频
"铁血茶城:军队搜山,不料中了土匪的计,厉害的陷阱!"	https://v.youku.com/v_show/id_XNDI0NDMyNTIwMA==.html	优酷视频
"铁血茶城:这帮土匪太能玩,竟然用这招赌输赢!"	https://v.youku.com/v_show/id_XNDI0NDMyOTE4MA==.html	优酷视频
"铁血茶城:压寨夫人大婚之日,居然拉起小伙的手,这下小伙慌了"	https://v.youku.com/v_show/id_XNDI0NDMzMTk4MA==.html	优酷视频
"铁血茶城:女护士一枪命中特务的心脏,排长怀疑她有问题"	https://v.youku.com/v_show/id_XNDI0NzE3NjQyOA==	优酷视频
铁血茶城：男子怀疑县长是敌军特务，暗中使计，特务做贼心虚自露马脚	https://v.youku.com/v_show/id_XNDI2OTU3MzIyNA==.html	优酷视频
"铁血茶城:敌军特务被解放军包围,挟持姑娘做人质逃跑"	https://v.youku.com/v_show/id_XNDI2OTYxNzM2NA==.html	优酷视频
铁血茶城：女护士和县长都是敌军特务，一直潜伏在我军内部	https://v.youku.com/v_show/id_XNDI2OTYyNzg1Mg==.html	优酷视频
铁血茶城：美女给母亲上坟，不料在坟头发现暗格，里面是给她的信	https://v.youku.com/v_show/id_XNDI3MDY4MTI2NA==.html	优酷视频
铁血茶城：土匪头子教唆手下往酒里下药，再向向美女敬酒	https://v.youku.com/v_show/id_XNDI3OTA2MDQyOA==.html	优酷视频
铁血茶城【大结局】	https://v.youku.com/v_show/id_XNDIyMzkzNzY5Mg%3D%3D.html	优酷视频
"铁血茶城:丫鬟伺候美女更衣沐浴,浴室香气环绕,这土匪头子哪里顶得住"	https://v.youku.com/v_show/id_XNDIyNDE0MDg5Mg%3D%3D.html	优酷视频
铁血茶城全集第33集	https://v.youku.com/v_show/id_XNDIzMzA5MzI2NA%3D%3D.html	优酷视频
铁血茶城37 集看点：双喜告知沐剑晨阿仁死亡真相 _高清在线观看_百度视频	http://v.baidu.com/watch/02443344872996530502.html?page=videoMultiNeed	百度视频
铁血茶城24 集看点：沐剑晨被押解参加公审大会 _高清在线观看_百度视频	http://v.baidu.com/watch/02866226215381043849.html?page=videoMultiNeed	百度视频
铁血茶城35 集看点：芋头被毒死，龙芷文被怀疑 _高清在线观看_百度视频	http://v.baidu.com/watch/04133443151768030954.html?page=videoMultiNeed	百度视频
铁血茶城3 看点：公审大会盘桂英劫囚 _高清在线观看_百度视频	http://v.baidu.com/watch/04291512287250729227.html?page=videoMultiNeed	百度视频
铁血茶城19 看点：沐剑晨带陶大雷去找神秘武装 _高清在线观看_百度视频	http://v.baidu.com/watch/04302003692952435373.html?page=videoMultiNeed	百度视频
铁血茶城40 看点：银殿山为周培龙设灵堂 _高清在线观看_百度视频	http://v.baidu.com/watch/0430467205339559637.html?page=videoMultiNeed	百度视频
铁血茶城30 看点：小玉被黄韵寒杀害 _高清在线观看_百度视频	http://v.baidu.com/watch/04465895784990746115.html?page=videoMultiNeed	百度视频
铁血茶城15 看点：小玉和王妹妹被押回审问 _高清在线观看_百度视频	http://v.baidu.com/watch/05042649657812390252.html?page=videoMultiNeed	百度视频
铁血茶城41 看点：龙芷文找到盘桂英对质 _高清在线观看_百度视频	http://v.baidu.com/watch/1018876153190994553.html?page=videoMultiNeed	百度视频
《铁血茶城》第47集精彩看点：沐剑晨龙芷文拆除毒气弹 _高清在线观看_百度视频	http://v.baidu.com/watch/4187536762688192330.html?page=videoMultiNeed	百度视频
《铁血茶城》第45集精彩看点：林世奇承认杀害周培龙 _高清在线观看_百度视频	http://v.baidu.com/watch/5366897455586911362.html?page=videoMultiNeed	百度视频
铁血茶城22 看点：陈癜子洗劫石条村 _高清在线观看_百度视频	http://v.baidu.com/watch/6524459696865176610.html?page=videoMultiNeed	百度视频
铁血茶城2 看点：龙芷文大义灭亲酒坊征粮 _高清在线观看_百度视频	http://v.baidu.com/watch/6931940504352611657.html?page=videoMultiNeed	百度视频
铁血茶城25 集看点：沐剑晨对谢飞说明惊蛰的存在 _高清在线观看_百度视频	http://v.baidu.com/watch/7839411377547626547.html?page=videoMultiNeed	百度视频
铁血茶城11 看点：沐剑晨抢救芋头 _高清在线观看_百度视频	http://v.baidu.com/watch/8277959425991363376.html?page=videoMultiNeed	百度视频
《铁血茶城》第46集精彩看点：沐剑晨杀陈癫子救下二女 _高清在线观看_百度视频	http://v.baidu.com/watch/8762937993219065866.html?page=videoMultiNeed	百度视频
铁血茶城37 集看点：双喜告知沐剑晨阿仁死亡真相 _高清在线观看_百度视频	http://v.baidu.com/watch/02443344872996530502.html?page=videoMultiNeed_duba&fr=v.duba.com	金山影视
铁血茶城24 集看点：沐剑晨被押解参加公审大会 _高清在线观看_百度视频	http://v.baidu.com/watch/02866226215381043849.html?page=videoMultiNeed_duba&fr=v.duba.com	金山影视
铁血茶城35 集看点：芋头被毒死，龙芷文被怀疑 _高清在线观看_百度视频	http://v.baidu.com/watch/04133443151768030954.html?page=videoMultiNeed_duba&fr=v.duba.com	金山影视
铁血茶城3 看点：公审大会盘桂英劫囚 _高清在线观看_百度视频	http://v.baidu.com/watch/04291512287250729227.html?page=videoMultiNeed_duba&fr=v.duba.com	金山影视
铁血茶城19 看点：沐剑晨带陶大雷去找神秘武装 _高清在线观看_百度视频	http://v.baidu.com/watch/04302003692952435373.html?page=videoMultiNeed_duba&fr=v.duba.com	金山影视
铁血茶城40 看点：银殿山为周培龙设灵堂 _高清在线观看_百度视频	http://v.baidu.com/watch/0430467205339559637.html?page=videoMultiNeed_duba&fr=v.duba.com	金山影视
铁血茶城30 看点：小玉被黄韵寒杀害 _高清在线观看_百度视频	http://v.baidu.com/watch/04465895784990746115.html?page=videoMultiNeed_duba&fr=v.duba.com	金山影视
铁血茶城15 看点：小玉和王妹妹被押回审问 _高清在线观看_百度视频	http://v.baidu.com/watch/05042649657812390252.html?page=videoMultiNeed_duba&fr=v.duba.com	金山影视
铁血茶城41 看点：龙芷文找到盘桂英对质 _高清在线观看_百度视频	http://v.baidu.com/watch/1018876153190994553.html?page=videoMultiNeed_duba&fr=v.duba.com	金山影视
《铁血茶城》第47集精彩看点：沐剑晨龙芷文拆除毒气弹 _高清在线观看_百度视频	http://v.baidu.com/watch/4187536762688192330.html?page=videoMultiNeed_duba&fr=v.duba.com	金山影视
《铁血茶城》第45集精彩看点：林世奇承认杀害周培龙 _高清在线观看_百度视频	http://v.baidu.com/watch/5366897455586911362.html?page=videoMultiNeed_duba&fr=v.duba.com	金山影视
铁血茶城22 看点：陈癜子洗劫石条村 _高清在线观看_百度视频	http://v.baidu.com/watch/6524459696865176610.html?page=videoMultiNeed_duba&fr=v.duba.com	金山影视
铁血茶城2 看点：龙芷文大义灭亲酒坊征粮 _高清在线观看_百度视频	http://v.baidu.com/watch/6931940504352611657.html?page=videoMultiNeed_duba&fr=v.duba.com	金山影视
铁血茶城25 集看点：沐剑晨对谢飞说明惊蛰的存在 _高清在线观看_百度视频	http://v.baidu.com/watch/7839411377547626547.html?page=videoMultiNeed_duba&fr=v.duba.com	金山影视
铁血茶城11 看点：沐剑晨抢救芋头 _高清在线观看_百度视频	http://v.baidu.com/watch/8277959425991363376.html?page=videoMultiNeed_duba&fr=v.duba.com	金山影视
《铁血茶城》第46集精彩看点：沐剑晨杀陈癫子救下二女 _高清在线观看_百度视频	http://v.baidu.com/watch/8762937993219065866.html?page=videoMultiNeed_duba&fr=v.duba.com	金山影视
铁血茶城预告片	http://m.iqiyi.com/w_19sa0uc2i1.html	爱奇艺
铁血茶城预告片	http://www.iqiyi.com/w_19sa0uc2i1.html	爱奇艺
《铁血茶城》诚意之作，磨剑而来，年代传奇战争大剧来袭！	http://www.bilibili.com/video/av54346695?from=search&seid=7282113378748571663	哔哩哔哩
《铁血茶城》诚意之作，磨剑而来，年代传奇战争大剧来袭！	http://www.bilibili.com/video/av54346695?from=search&seid=7449910833401225418	哔哩哔哩
"铁血茶城:新中国成立,人们生活都更加精彩,这就是新中国的魅力"	http://sa.sogou.com/sgsearch/sgs_video.php?docid=19719b042R4rkY	搜狗搜索
"铁血茶城:小伙把共党的消息告诉国民党,还要搞出一个大的动静"	http://sa.sogou.com/sgsearch/sgs_video.php?docid=19719i040AqNu8	搜狗搜索
"铁血茶城:特派员神神秘秘,摔了一跤,小臂都受伤了"	http://sa.sogou.com/sgsearch/sgs_video.php?docid=197200043xOnId	搜狗搜索
铁血茶城全集第31集谢飞和西候展开了白刃战	https://v.qq.com/x/page/i0905dxbtew.html	腾讯视频
铁血茶城电视剧全集大结局很开心	https://v.qq.com/x/page/l0904k9mlpf.html	腾讯视频
铁血茶城：土匪要欺负姑娘，没想到来了一个男子，把土匪杀了	https://v.qq.com/x/page/w0906krdp7u.html	腾讯视频
铁血茶城：陈斯民腿要被截肢，气急拴住护士，沐剑晨霸气打破僵局	http://toutiao.com/group/6715923314952372740/	西瓜视频
"铁血茶城:男子带枪做山寨巡逻,不料山藤一出,男子却没了"	http://www.ixigua.com/i6718608705027310088/	西瓜视频
《铁血茶城》万思维演绎另类英雄经历“九死一生”	https://m.ixigua.com/i6695160052107444749/?utm_source=so_duanshipin&utm_medium=so_referral&utm_campaign=cooperation	西瓜视频
"铁血茶城:土匪团伙聚众赌博,居然玩的这么刺激,真是厉害了"	https://m.ixigua.com/i6699340455559037453/?utm_source=so_duanshipin&utm_medium=so_referral&utm_campaign=cooperation	西瓜视频
"铁血茶城:青年医生给小伙治病,一会扎针筒一会插笔盖,真是奇了"	https://m.ixigua.com/i6699347983843983886/?utm_source=so_duanshipin&utm_medium=so_referral&utm_campaign=cooperation	西瓜视频
"铁血茶城:小伙上山巡查,不料山中空投落下挂在树上,这下乐坏了"	https://m.ixigua.com/i6699347983898509832/?utm_source=so_duanshipin&utm_medium=so_referral&utm_campaign=cooperation	西瓜视频
"铁血茶城:勇猛小伙大展身手一掌拍死一个人,这啥功夫也太厉害了"	https://m.ixigua.com/i6699347984888365582/?utm_source=so_duanshipin&utm_medium=so_referral&utm_campaign=cooperation	西瓜视频
《铁血茶城》战争预告片	https://m.ixigua.com/i6700335800669700616/?utm_source=so_duanshipin&utm_medium=so_referral&utm_campaign=cooperation	西瓜视频
"铁血茶城:美女说她当年在玉米地里被人欺负了,感觉好可怜"	https://m.ixigua.com/i6700408505234358791/?utm_source=so_duanshipin&utm_medium=so_referral&utm_campaign=cooperation	西瓜视频
"铁血茶城:美女正在睡觉,不料男子却突然床边,顿时吓懵了"	https://m.ixigua.com/i6700475237026234887/?utm_source=so_duanshipin&utm_medium=so_referral&utm_campaign=cooperation	西瓜视频
"铁血茶城:书记要派人继续抓捕男子,美女听到这立马不吱声了"	https://m.ixigua.com/i6700475237345018381/?utm_source=so_duanshipin&utm_medium=so_referral&utm_campaign=cooperation	西瓜视频
"铁血茶城:美女找男子聊天,结果被男子一句话给气的半死"	https://m.ixigua.com/i6700475237391139341/?utm_source=so_duanshipin&utm_medium=so_referral&utm_campaign=cooperation	西瓜视频
"铁血茶城:美女被土匪下迷药,居然被土匪拿来点天灯,这下惨了"	https://m.ixigua.com/i6700790663304184327/?utm_source=so_duanshipin&utm_medium=so_referral&utm_campaign=cooperation	西瓜视频
"铁血茶城:美女为逃跑吵着要上厕所,不料被俩大汉跟着,这下惨了"	https://m.ixigua.com/i6700790663606174215/?utm_source=so_duanshipin&utm_medium=so_referral&utm_campaign=cooperation	西瓜视频
"铁血茶城:父女断绝关系多年,得知父亲已改过自新,结局感人"	https://m.ixigua.com/i6700907307435295245/?utm_source=so_duanshipin&utm_medium=so_referral&utm_campaign=cooperation	西瓜视频
"铁血茶城:抗战时期,沐剑晨却穿了一件皮夹克,陶大雷不干了"	https://m.ixigua.com/i6700907307611472392/?utm_source=so_duanshipin&utm_medium=so_referral&utm_campaign=cooperation	西瓜视频
"铁血茶城:小弟醉酒说错话,不料被大王听到,揪起小辫子一通虐"	https://m.ixigua.com/i6701210755707961863/?utm_source=so_duanshipin&utm_medium=so_referral&utm_campaign=cooperation	西瓜视频
"铁血茶城:三姨太正在梳妆,不料却传来一声枪响,顿时心慌了"	https://m.ixigua.com/i6701210755707961869/?utm_source=so_duanshipin&utm_medium=so_referral&utm_campaign=cooperation	西瓜视频
"铁血茶城:这帮土匪太能玩,竟然用这招赌输赢,太刺激了"	https://m.ixigua.com/i6701210755783459335/?utm_source=so_duanshipin&utm_medium=so_referral&utm_campaign=cooperation	西瓜视频
"铁血茶城:小伙为自救居然卸胳膊来解绳子,这隔着屏幕看着都疼啊"	https://m.ixigua.com/i6701571955369198093/?utm_source=so_duanshipin&utm_medium=so_referral&utm_campaign=cooperation	西瓜视频
"铁血茶城:小伙被抓,不料这土匪这么有人情味,还亲自喂饭吃"	https://m.ixigua.com/i6701571955587285517/?utm_source=so_duanshipin&utm_medium=so_referral&utm_campaign=cooperation	西瓜视频
"铁血茶城:小伙为报杀父之仇,拿热碳自毁容貌和声音,太狠了"	https://m.ixigua.com/i6701571955708920333/?utm_source=so_duanshipin&utm_medium=so_referral&utm_campaign=cooperation	西瓜视频
"铁血茶城:真是狗血,哑巴冒着生命危险救沐剑晨,结果却出人意料"	https://m.ixigua.com/i6701874290746196488/?utm_source=so_duanshipin&utm_medium=so_referral&utm_campaign=cooperation	西瓜视频
"铁血茶城:土匪头子大婚,手下给他出了一个鸳鸯双修的主意,刺激"	https://m.ixigua.com/i6701874291396313608/?utm_source=so_duanshipin&utm_medium=so_referral&utm_campaign=cooperation	西瓜视频
"铁血茶城:姨太和特务勾搭在一起,这下被大老爷知道了,好戏上演"	https://m.ixigua.com/i6701942467349971463/?utm_source=so_duanshipin&utm_medium=so_referral&utm_campaign=cooperation	西瓜视频
"铁血茶城:沐医生被贼人诬陷,刚回来就被无知的群众殴打晕倒"	https://m.ixigua.com/i6702258161203544584/?utm_source=so_duanshipin&utm_medium=so_referral&utm_campaign=cooperation	西瓜视频
"铁血茶城:美女带孩子上土匪山认亲,不料给小伙带帽子的是他大哥"	https://m.ixigua.com/i6702323880666595853/?utm_source=so_duanshipin&utm_medium=so_referral&utm_campaign=cooperation	西瓜视频
"铁血茶城:土匪头子大婚之日,手下给了一支这玩意:好东西好东西"	https://m.ixigua.com/i6702324369676304909/?utm_source=so_duanshipin&utm_medium=so_referral&utm_campaign=cooperation	西瓜视频
"铁血茶城:压寨夫人大婚之日,居然拉起小伙的手,这下小伙慌了"	https://m.ixigua.com/i6702329016017224200/?utm_source=so_duanshipin&utm_medium=so_referral&utm_campaign=cooperation	西瓜视频
"铁血茶城:三姨太醉酒,穿旗袍在大院跳舞,这舞姿真是婀娜迷人啊"	https://m.ixigua.com/i6702329331122700807/?utm_source=so_duanshipin&utm_medium=so_referral&utm_campaign=cooperation	西瓜视频
"铁血茶城:剑晨带着队伍走到U形山道,不料长官却认为他不安好心"	https://m.ixigua.com/i6702649636424778253/?utm_source=so_duanshipin&utm_medium=so_referral&utm_campaign=cooperation	西瓜视频
"铁血茶城:.小伙受伤美女前来探望,一见面美女这下不矜持了!"	https://m.ixigua.com/i6703069135921742349/?utm_source=so_duanshipin&utm_medium=so_referral&utm_campaign=cooperation	西瓜视频
"铁血茶城:漂亮姨太唱戏给老爷听,这婀娜舞姿看的老爷眼睛都直了"	https://m.ixigua.com/i6703070071956177416/?utm_source=so_duanshipin&utm_medium=so_referral&utm_campaign=cooperation	西瓜视频
"铁血茶城:小伙为劝美女回头,结果怼了美女一家子,这下搞笑了"	https://m.ixigua.com/i6703070266756432391/?utm_source=so_duanshipin&utm_medium=so_referral&utm_campaign=cooperation	西瓜视频
"铁血茶城:土匪头子第一次用军用望眼镜,这下太乡巴佬,糗大了!"	https://m.ixigua.com/i6703436467709936141/?utm_source=so_duanshipin&utm_medium=so_referral&utm_campaign=cooperation	西瓜视频
"铁血茶城:黑衣人趁夜绑人,陈癫子决定带土匪们攻打县城"	https://m.ixigua.com/i6704122160757080590/?utm_source=so_duanshipin&utm_medium=so_referral&utm_campaign=cooperation	西瓜视频
"铁血茶城:荆大哥在混乱中被捅了几刀,用死证明了一切都是阴谋,"	https://m.ixigua.com/i6704123217348395527/?utm_source=so_duanshipin&utm_medium=so_referral&utm_campaign=cooperation	西瓜视频
"铁血茶城:老父亲死了,如今自己男友还来落井下石,美女爆发了"	https://m.ixigua.com/i6704123588636574215/?utm_source=so_duanshipin&utm_medium=so_referral&utm_campaign=cooperation	西瓜视频
"铁血茶城:土匪下山住地主家,不料不忘土匪本性,还打起这坏主意"	https://m.ixigua.com/i6704553816861180423/?utm_source=so_duanshipin&utm_medium=so_referral&utm_campaign=cooperation	西瓜视频
"铁血茶城:阵地被破,壮汉带队与土匪拼刺刀,战况惨烈"	https://m.ixigua.com/i6704888377881133575/?utm_source=so_duanshipin&utm_medium=so_referral&utm_campaign=cooperation	西瓜视频
"铁血茶城:土匪抢粮屠城,却留下老干部单挑,伸出脖子太嚣张"	https://m.ixigua.com/i6705200012436963848/?utm_source=so_duanshipin&utm_medium=so_referral&utm_campaign=cooperation	西瓜视频
"铁血茶城:美女被小伙拒绝后,深夜屋顶倒油纵火,这也太狠了吧"	https://m.ixigua.com/i6705234876351644174/?utm_source=so_duanshipin&utm_medium=so_referral&utm_campaign=cooperation	西瓜视频
"铁血茶城:一个男子竟然给绑在了树上,旁边的妹子看不过去了"	https://m.ixigua.com/i6705256579727360526/?utm_source=so_duanshipin&utm_medium=so_referral&utm_campaign=cooperation	西瓜视频
"铁血茶城:酒桌上,陈癫子疯狂秀自己的仙人藤,太搞笑了"	https://m.ixigua.com/i6705263853673906695/?utm_source=so_duanshipin&utm_medium=so_referral&utm_campaign=cooperation	西瓜视频
"铁血茶城:男子要给小女孩打针,女孩父亲没见过西药,拼命阻拦"	https://m.ixigua.com/i6706334648575721988/?utm_source=so_duanshipin&utm_medium=so_referral&utm_campaign=cooperation	西瓜视频
"铁血茶城:土匪想伏击解放军,没想到解放军早有准备,土匪中计了"	https://m.ixigua.com/i6706665320691548685/?utm_source=so_duanshipin&utm_medium=so_referral&utm_campaign=cooperation	西瓜视频
"铁血茶城:姑娘去山上打野味,没想到发现了敌军特务"	https://m.ixigua.com/i6706685972576207373/?utm_source=so_duanshipin&utm_medium=so_referral&utm_campaign=cooperation	西瓜视频
"铁血茶城:姑娘上山打野味,不料无意发现敌军特务,立马回去报信"	https://m.ixigua.com/i6707104644365025800/?utm_source=so_duanshipin&utm_medium=so_referral&utm_campaign=cooperation	西瓜视频
"铁血茶城:刀疤男竟然把女寨主夫人打晕,气得寨主要杀人"	https://m.ixigua.com/i6707118524151628302/?utm_source=so_duanshipin&utm_medium=so_referral&utm_campaign=cooperation	西瓜视频
"铁血茶城:沐医生一直喜欢小龙,可把这个女医生羡慕坏了"	https://m.ixigua.com/i6707473016625824260/?utm_source=so_duanshipin&utm_medium=so_referral&utm_campaign=cooperation	西瓜视频
"铁血茶城:特务任务失败后,要杀男子泄愤,男子趁其不备跳车逃走"	https://m.ixigua.com/i6710294289550672388/?utm_source=so_duanshipin&utm_medium=so_referral&utm_campaign=cooperation	西瓜视频
铁血茶城：这帮土匪太能玩，竟然用这招赌输赢，太刺激了	http://v.youku.com/v_show/id_XNDI4NjEzOTEyNA==.html	优酷视频
铁血茶城：小弟醉酒说错话，不料被大王听到，揪起小辫子一通虐	http://v.youku.com/v_show/id_XNDI4NzI3NTY5Mg==.html	优酷视频
铁血茶城：三姨太正在梳妆，不料却传来一声枪响，顿时心慌了	http://v.youku.com/v_show/id_XNDI4OTEwMjE0MA==.html	优酷视频
铁血茶城：土匪头儿竟然把手下的钱全部赢光，压箱底的钱也没有了	http://v.youku.com/v_show/id_XNDI5MDMzMjc2NA==.html	优酷视频
铁血茶城：没想到女护士是敌军奸细，潜伏在内部，现在终于被揪出来了	https://v.youku.com/v_show/id_XNDI3MDY3NjUzNg==.html	优酷视频
铁血茶城：三姨太正在梳妆，不料却传来一声枪响，顿时心慌了	https://v.youku.com/v_show/id_XNDI4OTEwMjE0MA==.html	优酷视频
铁血茶城	http://m.iqiyi.com/lib/m_216419014.html?src=search	爱奇艺
《铁血茶城》盘桂英误会解放军	http://v.youku.com/v_show/id_XNDI0MzY5NTMwNA==.html	优酷视频
《铁血茶城》诚意之作，磨剑而来，年代传奇战争大剧来袭！	http://www.bilibili.com/video/av54346695?from=search&seid=11039544112639042778	哔哩哔哩
《铁血茶城》诚意之作，磨剑而来，年代传奇战争大剧来袭！	http://www.bilibili.com/video/av54346695?from=search&seid=567217529701662422	哔哩哔哩
铁血茶城	http://www.iqiyi.com/lib/m_216419014.html?src=search	爱奇艺
"铁血茶城:土匪抢粮屠城,却留下老干部单挑,伸出脖子太嚣张"	https://m.ixigua.com/i6700907307502404103/?utm_source=so_duanshipin&utm_medium=so_referral&utm_campaign=cooperation	西瓜视频
"铁血茶城:土匪想伏击解放军,没想到解放军早有准备,土匪中计了"	https://m.ixigua.com/i6712617864689353230/?utm_source=so_duanshipin&utm_medium=so_referral&utm_campaign=cooperation	西瓜视频
铁血茶城：小伙逃跑被发现，以一人之力打趴十几个拿枪的，太猛了	https://v.qq.com/x/page/n0904tysazw.html	腾讯视频
铁血茶城 ：敌军特务想在山寨搞破坏，没想到解放军早有准备	https://v.qq.com/x/page/p0906bf8007.html	腾讯视频
《铁血茶城》没想到县长是敌军奸细，特务被包围时，县长暗中相救	https://v.qq.com/x/page/u0907drhxwc.html	腾讯视频
铁血茶城：敌军特务被解放军包围，为逃跑，挟持姑娘做人质	https://v.qq.com/x/page/w0907f5tlnq.html	腾讯视频
"铁血茶城:解放军在追国民党特务,却碰到土匪挡路,无奈撤退"	https://v.qq.com/x/page/x0901eub6t0.html	腾讯视频
铁血茶城全集第33集	https://v.youku.com/v_show/id_XNDIzMzA5MzI2NA==.html	优酷视频
"《铁血茶城》诚意之作,磨剑而来,年代传奇战争大剧来袭!"	https://www.56.com/u47/v_MTU3NzI1MzQw.html	56视频